Code;Name;City
04854;Санкт-Петербург Терминал;Санкт-Петербург
82010;Симферополь Караимская_8201;Симферополь
10.012;Москва Холодильный_7712_С;Москва
10.015;Москва Лубянский_7715_С;Москва
10.016;Москва Новочеркасский_7716_С;Москва
10.017;Москва Маршала Малиновского_7717_С;Москва
37071;Иваново Куконковых_3707_С;Иваново
50681;Королев Пионерская_5068_С;Королев
86191;Нижневартовск Чапаева_8619_С;Нижневартовск
46091;Курск Ухтомского_4609_С;Курск
43081;Кирово-Чепецк 60 лет Октября_4308_С;Кирово-Чепецк
86171;Сургут Югорская_8617_С;Сургут
50661;Балашиха Фучика_5066_С;Балашиха
35111;Вологда Лермонтова_3511_С;Вологда
86181;Сургут Университетская_8618_С;Сургут
52331;Нижний Новгород Алексеевская_5233_С;Нижний Новгород
27131;Ванино Приморский_2713_С;Ванино
50721;Красногорск Заводская_5072_С;Красногорск
19041;Абакан Ломоносова_1904_С;Абакан
48111;Липецк Гоголя_4811_С;Липецк
16321;Казань Мусина_1632_С;Казань
40131;Калуга Ленина_4013_С;Калуга
40141;Калуга Болотникова_4014_С;Калуга
29071;Архангельск Ломоносова_2907_С;Архангельск
29081;Архангельск Ленинградский_2908_С;Архангельск
99401;Москва Мастеркова_9940_С;Москва
99411;Москва Яблочкова_9941_С;Москва
16311;Казань Мира_1631_С;Казань
99421;Москва Народного Ополчения_9942_С;Москва
33081;Гусь-Хрустальный Революции_3308_С;Гусь-Хрустальный
71261;Тула Ф. Энгельса_7126_С;Тула
52341;Нижний Новгород Медицинская_5234_С;Нижний Новгород
22181;Бийск имени Героя Советского Союза Васильева_2218_С;Бийск
50671;Серпухов Ворошилова_5067_С;Серпухов
42281;Кемерово Ленина_4228_С;Кемерово
26151;Ставрополь Ленина_2615_С;Ставрополь
50741;Воскресенск Лермонтова_5074_С;Воскресенск
50751;Лыткарино Пятый_5075_С;Лыткарино
33071;Ковров Лопатина_3307_С;Ковров
13051;Рузаевка Ленина_1305_С;Рузаевка
99331;Москва Адмирала Лазарева_9933_С;Москва
36201;Воронеж 45-ой Стрелковой дивизии_3620_С;Воронеж
58161;Пенза Бекешская_5816_С;Пенза
99381;Москва Академика Анохина_9938_С;Москва
1016;Фрязино Вокзальная_5005_С;Фрязино
62061;Рязань Первомайский_6206_С;Рязань
33091;Владимир Комиссарова_3309_С;Владимир
68101;Котовск Котовского_6810_С;Котовск
78721;Санкт-Петербург Будапештская_7872_С;Санкт-Петербург
78731;Санкт-Петербург Кронверкский_7873_С;Санкт-Петербург
36231;Воронеж Ленинский_3623_С;Воронеж
54351;Новосибирск Бориса Богаткова_5435_С;Новосибирск
78761;Санкт-Петербург Измайловский_7876_С;Санкт-Петербург
78791;Санкт-Петербург Котина_7879_С;Санкт-Петербург
78801;Санкт-Петербург Стачек_7880_С;Санкт-Петербург
78811;Санкт-Петербург Антонова-Овсеенко_7881_С;Санкт-Петербург
78821;Санкт-Петербург Михаила Дудина_7882_С;Санкт-Петербург
22201;Барнаул Павловский_2220_С;Барнаул
52361;Саров Зернова_5236_С;Саров
71281;Тула Союзная_7128_С;Тула
62071;Рязань Яблочкова_6207_С;Рязань
48121;Елец Советская_4812_С;Елец
50491;Долгопрудный Лихачевское_5049_С;Долгопрудный
30101;Астрахань Звездная_3010_С;Астрахань
66881;Нижний Тагил Тагилстроевская_6688_С;Нижний Тагил
99451;Москва Булатниковская_9945_С;Москва
99461;Москва Сущёвский Вал_9946_С;Москва
99471;Москва Профсоюзная_9947_С;Москва
99481;Москва Щербаковская_9948_С;Москва
99491;Москва Осенний_9949_С;Москва
22221;Барнаул Ленина_2222_С;Барнаул
52371;Выкса Луначарского_5237_С;Выкса
99501;Москва Толбухина_9950_С;Москва
23471;Сочи (Хоста) Привольный_2347_С;Сочи
27151;Хабаровск Краснореченская_2715_С;Хабаровск
27161;Хабаровск Руднева_2716_С;Хабаровск
61231;Волгодонск Курчатова_6123_С;Волгодонск
27141;Амурск Комсомольский_2714_С;Амурск
78781;Санкт-Петербург Транспортный_7878_С;Санкт-Петербург
1017;Зеленоград Солнечная_5006_С;Зеленоград
64351;Саратов Энтузиастов_6435_С;Саратов
36251;Воронеж Ленинградская_3625_С;Воронеж
23491;Ейск Коммунистическая_2349_С;Ейск
78841;Петергоф Петергофская_7884_С;Петергоф
50811;Монино Новинское_5081_С;Монино
78851;Санкт-Петербург Профессора Попова_7885_С;Санкт-Петербург
16341;Набережные Челны Академика Рубаненко_1634_С;Набережные Челны
99561;Москва Ефремова_9956_С;Москва
60051;Псков Коммунальная_6005_С;Псков
27171;Хабаровск Большой Аэродром_2717_С;Хабаровск
16351;Нижнекамск Шинников_1635_С;Нижнекамск
66901;Качканар Гикалова_6690_С;Качканар
99621;Раменское Советская_9962_С;Раменское
50871;Щелково Центральная_5087_С;Щелково
36261;Лиски Коммунистическая_3626_С;Лиски
36271;Бобров 22 Января_3627_С;Бобров
02401;Уфа Кирова_0240_С;Уфа
50841;Истра Воскресенская_5084_С;Истра
67041;Смоленск Рыленкова_6704_С;Смоленск
16381;Нижнекамск Мира_1638_С;Нижнекамск
38231;Иркутск Академическая_3823_С;Иркутск
50851;Одинцово Можайское_5085_С;Одинцово
50861;Зеленоград Андреевка_5086_С;Зеленоград
24261;Красноярск им газеты Красноярский Рабочий_2426_С;Красноярск
78861;Санкт-Петербург Ново-Александровская_7886_С;Санкт-Петербург
61241;Ростов-на-Дону Космонавтов_6124_С;Ростов-на-Дону
16371;Зеленодольск Комсомольская_1637_С;Зеленодольск
52391;Арзамас 50 лет ВЛКСМ_5239_С;Арзамас
59211;Пермь Дружбы_5921_С;Пермь
11121;Ухта Юбилейная_1112_С;Ухта
99671;Москва 1-ая Останкинская_9967_С;Москва
99631;Москва Ремизова_9963_С;Москва
82121;Севастополь Ленина_8212_С;Севастополь
82131;Симферополь Толстого_8213_С;Симферополь
40151;Людиново Ленина_4015_С;Людиново
50881;Подольск Кирова_5088_С;Подольск
99641;Московский 1-й мкр_9964_С;Московский
99661;Москва Мира_9966_С;Москва
78061;Санкт-Петербург Московский_7806_С;Санкт-Петербург
61261;Ростов-на-Дону Вавилова_6126_С;Ростов-на-Дону
371411;Иваново Каравайковой_3714_С;Иваново
64381;Энгельс Строителей_6438_С;Энгельс
02421;Салават Островского_0242_С;Салават
99761;Москва Дружбы_9976_С;Москва
401611;Киров Базарный_4016_С;Киров
33101;Владимир Михалькова_3310_С;Владимир
99841;Москва Воронежская_9984_С;Москва
99861;Москва 1905 года_9986_С;Москва
12151;Йошкар-Ола Ленинский_1215_С;Йошкар-Ола
99821;Москва Карманицкий_9982_С;Москва
52351;Нижний Новгород Гагарина_5235_С;Нижний Новгород
36301;Воронеж Мазлумова_3630_С;Воронеж
51071;Мурманск Кольский_5107_С;Мурманск
66921;Нижний Тагил Юности_6692_С;Нижний Тагил
64401;Саратов им Чапаева В.И._6440_С;Саратов
16441;Зеленодольск Комарова_1644_С;Зеленодольск
64371;Саратов 50 лет Октября_6437_С;Саратов
74541;Челябинск Комсомольский_7454_С;Челябинск
371511;Иваново Шевченко_3715_С;Иваново
63501;Самара Гагарина_6350_С;Самара
54381;Новосибирск Коммунистическая_5438_С;Новосибирск
99791;Москва Барклая_9979_С;Москва
75071;Чита Проезжая_7507_С;Чита
99781;Москва Сущёвский Вал_9978_С;Москва
23511;Краснодар Филатова 1-й проезд_2351_С;Краснодар
59221;Пермь Чернышевского_5922_С;Пермь
58211;Пенза Центральная_5821_С;Пенза
26161;Пятигорск 40 лет Октября_2616_С;Пятигорск
64391;Саратов Московская_6439_С;Саратов
58231;Пенза 624-й километр_5823_С;Пенза
58241;Пенза Мельничная_5824_С;Пенза
58251;Пенза Суворова_5825_С;Пенза
74551;Аша Озимина_7455_С;Аша
86221;Нефтеюганск Мира_8622_С;Нефтеюганск
99831;Москва Брянская_9983_С;Москва
52401;Нижний Новгород Славянская_5240_С;Нижний Новгород
02481;Стерлитамак Артема_0248_С;Стерлитамак
50921;Клин Ленина_5092_С;Клин
82161;Евпатория Победы_8216_С;Евпатория
82171;Симферополь Победы_8217_С;Симферополь
99891;Москва Таллинская_9989_С;Москва
16431;Казань Островского_1643_С;Казань
99901;Москва Пятницкое_9990_С;Москва
78871;Всеволожск Ленинградская_7887_С;Всеволожск
78891;Пушкин Церковная_7889_С;Пушкин
78911;Санкт-Петербург Энергетиков_7891_С;Санкт-Петербург
78921;Санкт-Петербург Авиаконструкторов_7892_С;Санкт-Петербург
27191;Хабаровск Салтыкова-Щедрина_2719_С;Хабаровск
62101;Рязань Интернациональная_6210_С;Рязань
26191;Ставрополь Дзержинского_2619_С;Ставрополь
99961;Москва Перовская_9996_С;Москва
27231;Хабаровск Ворошилова_2723_С;Хабаровск
99921;Люберцы Гагарина_9992_С;Люберцы
42311;Новокузнецк Ушинского_4231_С;Новокузнецк
99951;Москва Трубная_9995_С;Москва
99971;Москва Балаклавский_9997_С;Москва
63551;Самара Стара Загора_6355_С;Самара
62131;Рязань Новоселов_6213_С;Рязань
50941;Фрязино Мира_5094_С;Фрязино
54391;Новосибирск Комсомольская_5439_С;Новосибирск
99941;Москва Русанова_9994_С;Москва
27211;Хабаровск Ленина_2721_С;Хабаровск
62111;Рязань Дзержинского_6211_С;Рязань
10.027;Москва Марксистская_7727_С;Москва
74070;Челябинск Дзержинского_7407;Челябинск
78081;Санкт-Петербург Ленинский_7808_С;Санкт-Петербург
78091;Санкт-Петербург Полярников_7809_С;Санкт-Петербург
15011;Владикавказ Коста_1501_С;Владикавказ
66151;Екатеринбург Ленина_6615_С;Екатеринбург
11151;Сыктывкар Горького_1115_С;Сыктывкар
99801;Москва 9-ая Парковая_9980_С;Москва
74601;Челябинск Энтузиастов_7460_С;Челябинск
52411;Нижний Новгород Вокзальная_5241_С;Нижний Новгород
99581;Москва Бибиревская_9958_С;Москва
02501;Ишимбай Губкина_0250_С;Ишимбай
56201;Бузулук Ленина_5620_С;Бузулук
77611;Москва Кронштадтский_7761_С;Москва
57041;Ливны Денисова_5704_С;Ливны
74611;Челябинск Артиллерийская_7461_С;Челябинск
19703;Люберцы Новорязанское_19703_С;Люберцы
19704;Королев Космонавтов_19704_С;Королев
19705;Железнодорожный Лесопарковая_19705_С;Железнодорожный
19706;Подольск Большая Серпуховская_19706_С;Подольск
19707;Москва Старокачаловская_19707_С;Москва
19712;Москва Героев Панфиловцев_19712_С;Москва
19713;Москва Дмитровское_19713_С;Москва
19721;Москва Андропова_19721_С;Москва
19722;Москва Щёлковское_19722_С;Москва
34211;Волгоград Ленина_3421_С;Волгоград
59241;Пермь Оверятская_5924_С;Пермь
45091;Шумиха Ленина_4509_С;Шумиха
52431;Нижний Новгород Василия Иванова_5243_С;Нижний Новгород
10051;Петрозаводск Попова_1005_С;Петрозаводск
24301;Красноярск Белинского_2430_С;Красноярск
19701;Москва Кожевническая_19701_С;Москва
19702;Москва Дубравная_19702_С;Москва
74631;Челябинск Черкасская_7463_С;Челябинск
38241;Иркутск Советская_3824_С;Иркутск
74651;Челябинск Энергетиков_7465_С;Челябинск
74661;Челябинск Труда_7466_С;Челябинск
19716;Москва Таллинская_19716_С;Москва
19717;Москва Кировоградская_19717_С;Москва
42321;Новокузнецк Металлургов_4232_С;Новокузнецк
99651;Москва Боровское_9965_С;Москва
71321;Тула Ложевая_7132_С;Тула
89081;Ноябрьск Изыскателей_8908_С;Ноябрьск
48131;Липецк 60 лет СССР_4813_С;Липецк
26201;Ставрополь Пирогова_2620_С;Ставрополь
23591;Краснодар Коммунаров_2359_С;Краснодар
23571;Краснодар Онежская_2357_С;Краснодар
37161;Родники Любимова_3716_С;Родники
52421;Павлово Красноармейская_5242_С;Павлово
37181;Кинешма Бойцова_3718_С;Кинешма
52441;Нижний Новгород Советская_5244_С;Нижний Новгород
37171;Вичуга Металлистов_3717_С;Вичуга
52451;Нижний Новгород Невзоровых_5245_С;Нижний Новгород
71351;Новомосковск Мира_7135_С;Новомосковск
52461;Богородск Бренцисса_5246_С;Богородск
74701;Магнитогорск Комсомольская_7470_С;Магнитогорск
42331;Киселевск Боевая_4233_С;Киселевск
71341;Киреевск Мира_7134_С;Киреевск
64411;Саратов 50 лет Октября_6441_С;Саратов
34221;Волгоград Ленина_3422_С;Волгоград
34231;Волгоград Ленина_3423_С;Волгоград
44051;Кострома Давыдовский_4405_С;Кострома
42351;Кемерово Александрова_4235_С;Кемерово
23601;Краснодар Игнатова_2360_С;Краснодар
22271;Бийск Владимира Ленина_2227_С;Бийск
09011;Черкесск Ленина_0901_С;Черкесск
19728;Москва Бирюлёвская_19728_С;Москва
76121;Переславль-Залесский Трудовая_7612_С;Переславль-Залесский
61341;Ростов-на-Дону 40-летия Победы_6134_С;Ростов-на-Дону
24321;Минусинск Абаканская_2432_С;Минусинск
71361;Новомосковск Трудовые Резервы_7136_С;Новомосковск
61271;Ростов-на-Дону 50 лет Ростсельмаша_6127_С;Ростов-на-Дону
57051;Орел Комсомольская_5705_С;Орел
19726;Москва Ташкентская_19726_С;Москва
72241;Ялуторовск Новикова_7224_С;Ялуторовск
61311;Таганрог 4-я Линия_6131_С;Таганрог
74731;Магнитогорск Советской Армии_7473_С;Магнитогорск
10.029;Москва Симферопольский_7729_С;Москва
54041;Новосибирск Красный_5404_С;Новосибирск
1018;Подольск Революционный_5007_С;Подольск
66161;Ревда Мичурина_6616_С;Ревда
35171;Вологда Благовещенская_3517_С;Вологда
99871;Москва Люблинская_9987_С;Москва
19731;Москва Руднёвка_19731_С;Москва
16521;Набережные Челны Раиса Беляева_1652_С;Набережные Челны
43111;Киров Советская (Нововятск)_4311_С;Киров
70141;Северск Коммунистический_7014_С;Северск
43131;Киров Воровского_4313_С;Киров
53061;Великий Новгород Державина_5306_С;Великий Новгород
29111;Архангельск Аэропорт Архангельск_2911_С;Архангельск
19738;Пушкино Чехова_19738_С;Пушкино
72251;Тюмень Муравленко_7225_С;Тюмень
32091;Клинцы Ленина_3209_С;Клинцы
70121;Томск Федора Лыткина_7012_С;Томск
19737;Видное Ленинского Комсомола_19737_С;Видное
63611;Тольятти Победы_6361_С;Тольятти
63621;Кинель Крымская_6362_С;Кинель
59251;Пермь Подлесная_5925_С;Пермь
42451;Новокузнецк Шахтеров_4245_С;Новокузнецк
70171;Томск Северный городок_7017_С;Томск
56211;Оренбург Диагностики_5621_С;Оренбург
19733;Балашиха Звездная_19733_С;Балашиха
19734;Москва Варшавское_19734_С;Москва
76131;Ярославль Московский_7613_С;Ярославль
43101;Киров Октябрьский_4310_С;Киров
64461;Саратов Новоузенская_6446_С;Саратов
35161;Вологда Текстильщиков_3516_С;Вологда
25191;Владивосток Красного Знамени_2519_С;Владивосток
42381;Кемерово Кирова_4238_С;Кемерово
21071;Новочебоксарск Ельниковский_2107_С;Новочебоксарск
21081;Новочебоксарск Винокурова_2108_С;Новочебоксарск
78931;Санкт-Петербург Петергофское_7893_С;Санкт-Петербург
23621;Краснодар Черкасская_2362_С;Краснодар
62091;Рязань Народный_6209_С;Рязань
34241;Волжский Профсоюзов_3424_С;Волжский
19736;Москва Летчика Ульянина_19736_С;Москва
53071;Великий Новгород Александра Корсунова_5307_С;Великий Новгород
29121;Новодвинск 50-летия Октября_2912_С;Новодвинск
53111;Старая Русса Профсоюзная_5311_С;Старая Русса
53121;Великий Новгород Большая Санкт-Петербургская_5312_С;Великий Новгород
53091;Великий Новгород Большая Московская_5309_С;Великий Новгород
11161;Сыктывкар Покровский_1116_С;Сыктывкар
24341;Красноярск Высотная_2434_С;Красноярск
63581;Самара Братьев Коростелевых_6358_С;Самара
69111;Тверь Орджоникидзе_6911_С;Тверь
86281;Лангепас Ленина_8628_С;Лангепас
19742;Коломна Весенняя_19742_С;Коломна
19743;Москва Ярцевская_19743_С;Москва
19744;Москва Пришвина_19744_С;Москва
66991;Екатеринбург Амундсена_6699_С;Екатеринбург
42411;Березовский Мира_4241_С;Березовский
22291;Барнаул Гущина_2229_С;Барнаул
18221;Ижевск Азина_1822_С;Ижевск
12161;Йошкар-Ола Зарубина_1216_С;Йошкар-Ола
68121;Моршанск Интернациональная_6812_С;Моршанск
55161;Омск Карла Маркса_5516_С;Омск
76141;Ярославль Толбухина_7614_С;Ярославль
27271;Бикин Титова_2727_С;Бикин
29131;Архангельск Московский_2913_С;Архангельск
29141;Архангельск Советская_2914_С;Архангельск
42441;Прокопьевск Шишкина_4244_С;Прокопьевск
19754;Москва 1-я Останкинская_19754_С;Москва
72261;Тюмень Урицкого_7226_С;Тюмень
69121;Ржев Советская_6912_С;Ржев
35181;Вологда Новгородская_3518_С;Вологда
27251;Хабаровск Калинина_2725_С;Хабаровск
34271;Волгоград 30-летия Победы_3427_С;Волгоград
19925;Москва Гурьянова_19925_С;Москва
23731;Сочи Красноармейская_2373_С;Сочи
48191;Липецк Победы_4819_С;Липецк
10071;Петрозаводск Ровио_1007_С;Петрозаводск
78961;Санкт-Петербург Маршала Захарова_7896_С;Санкт-Петербург
74761;Миасс Чучева_7476_С;Миасс
61351;Батайск Куйбышева_6135_С;Батайск
61371;Ростов-на-Дону Буденновский_6137_С;Ростов-на-Дону
19757;Москва Борисовские пруды_19757_С;Москва
34281;Волжский Профсоюзов_3428_С;Волжский
34291;Волжский Александрова_3429_С;Волжский
58271;Сердобск Красная_5827_С;Сердобск
28091;Благовещенск Красноармейская_2809_С;Благовещенск
19759;Москва 2-й Кабельный проезд_19759_С;Москва
16541;Казань Бурхана Шахиди_1654_С;Казань
96051;Екатеринбург Машиностроителей_9605_С;Екатеринбург
19753;Москва Трофимова_19753_С;Москва
59261;Краснокамск Геофизиков_5926_С;Краснокамск
26221;Нальчик Ленина_2622_С;Нальчик
26231;Прохладный Ленина_2623_С;Прохладный
63631;Самара Ново-Садовая_6363_C;Самара
96021;Каменск-Уральский Победы_9602_С;Каменск-Уральский
23611;Краснодар Красных Партизан_2361_С;Краснодар
19749;Москва Крылатская_19749_С;Москва
19748;Дубна Боголюбова_19748_С;Дубна
50991;Томилино Гаршина_5099_С;Томилино
42461;Кемерово 9-е Января_4246_С;Кемерово
52491;Нижний Новгород Дьяконова_5249_С;Нижний Новгород
10061;Петрозаводск Антикайнена_1006_С;Петрозаводск
71401;Тула Каминского_7140_С;Тула
27291;Комсомольск-на-Амуре Советская_2729_С;Комсомольск-на-Амуре
22311;Барнаул Северо-Западная_2231_С;Барнаул
16561;Казань Техническая_1656;Казань
35191;Череповец Металлургов_3519_С;Череповец
56231;Оренбург Чкалова_5623_С;Оренбург
33111;Кольчугино Победы_3311_С;Кольчугино
38261;Иркутск Чехова_3826_С;Иркутск
13071;Саранск 50 лет Октября_1307_С;Саранск
34251;Волгоград 64-ой Армии_3425_С;Волгоград
38281;Иркутск Лермонтова_3828_С;Иркутск
19758;Ногинск Самодеятельная_19758_С;Ногинск
19760;Москва Волоколамское_19760_С;Москва
19762;Москва Луганская_19762_С;Москва
72281;Тюмень Мельникайте_7228_С;Тюмень
98051;Сосновый Бор Красных Фортов_9805_С;Сосновый Бор
98061;Санкт-Петербург Трамвайный_9806_С;Санкт-Петербург
78981;Сосновый Бор 50 лет Октября_7898_С;Сосновый Бор
78991;Петергоф Разведчика_7899_С;Петергоф
96061;Реж Металлургов_9606_С;Реж
96111;Верхняя Пышма Юбилейная_9611_С;Верхняя Пышма
25231;Владивосток Гоголя_2523_С;Владивосток
41041;Петропавловск-Камчатский Топоркова_4104_С;Петропавловск-Камчатский
67051;Сафоново Кирова_6705_С;Сафоново
72271;Тюмень Горького_7227_С;Тюмень
86271;Сургут Комсомольский_8627_С;Сургут
86291;Сургут Быстринская_8629_С;Сургут
10.034;Москва Балаклавский_7734_С;Москва
10.035;Москва Староалексеевская_7735_С;Москва
31021;Старый Оскол Зелёный Лог_3102_С;Старый Оскол
45121;Курган 3-й мкр_4512_С;Курган
16551;Казань Хусаина Мавлютова_1655_С;Казань
54421;Искитим Пушкина_5442_С;Искитим
19764;Москва Генерала Глаголева_19764_С;Москва
56241;Новотроицк Марии Корецкой_5624_С;Новотроицк
02561;Октябрьский Девонская_0256_С;Октябрьский
52021;Бор Октябрьская_5202_С;Бор
52031;Дзержинск Гайдара_5203_С;Дзержинск
10.039;Москва Суздальская_7739_С;Москва
14010;Якутск Дзержинского_1401;Якутск
02571;Уфа Ухтомского_0257_С;Уфа
77400;Москва Новокузнецкая_7708;Москва
52041;Кстово Второй_5204_С;Кстово
10.042;Москва Ленинградское_7742_С;Москва
02581;Уфа Орджоникидзе_0258_С;Уфа
19766;Апрелевка Островского_19766_С;Апрелевка
61401;Ростов-на-Дону Сельмаш_6140_С;Ростов-на-Дону
61411;Ростов-на-Дону Кировский_6141_С;Ростов-на-Дону
16481;Набережные Челны Сююмбике_1648_С;Набережные Челны
74811;Челябинск Чайковского_7481;Челябинск
58301;Пенза Калинина_5830_С;Пенза
98101;Санкт-Петербург Решетникова_9810_С;Санкт-Петербург
98121;Санкт-Петербург Яхтенная_9812_С;Санкт-Петербург
52511;Дзержинск Терешковой_5251_С;Дзержинск
16591;Казань Серова_1659_С;Казань
98081;Санкт-Петербург Думская_9808_С;Санкт-Петербург
61391;Ростов-на-Дону 2-я Краснодарская_6139_С;Ростов-на-Дону
61381;Ростов-на-Дону Таганрогская_6138_С;Ростов-на-Дону
96081;Заречный Ленинградская_9608_С;Заречный
41051;Елизово Завойко_4105_С;Елизово
98111;Колпино Ленина_9811_С;Колпино
19771;Москва Рождественская_19771_С;Москва
15041;Владикавказ Доватора_1504_С;Владикавказ
19773;Москва Зеленый_19773_С;Москва
19768;Москва Кольская_19768_С;Москва
64481;Маркс Ленина_6448_С;Маркс
32101;Брянск Пятницкий тупик_3210_С;Брянск
401711;Обнинск Маркса_4017_С;Обнинск
02621;Уфа Маршала Жукова_0262_С;Уфа
63651;Самара Ерошевского_6365_С;Самара
63661;Самара 6-я Просека_6366_С;Самара
23671;Краснодар Байбакова_2367_С;Краснодар
23651;Краснодар Тюляева_2365_С;Краснодар
40181;Обнинск Калужская_4018_С;Обнинск
16621;Казань Болотникова_1662_С;Казань
19775;Москва Новослободская_19775_С;Москва
86301;Нижневартовск Ленина_8630_С;Нижневартовск
86311;Мегион Нефтяников_8631_С;Мегион
24381;Ачинск Ленина_2438_С;Ачинск
19776;Москва Ангелов_19776_С;Москва
13081;Саранск Косарева_1308_С;Саранск
72341;Тюмень Станислава Карнацевича_7234_С;Тюмень
96141;Лесной Ленина_9614;Лесной
63671;Тольятти 70 лет Октября_6367_С;Тольятти
72321;Ишим Советская_7232_С;Ишим
72331;Тобольск Октябрьская_7233_С;Тобольск
72351;Тюмень Холодильная_7235_С;Тюмень
45131;Шадринск Свердлова_4513_С;Шадринск
19784;Домодедово Гагарина_19784_С;Домодедово
71431;Ясногорск Советская_7143_С;Ясногорск
73071;Ульяновск Крымова_7307_С;Ульяновск
48151;Липецк Победы_4815_С;Липецк
02631;Стерлитамак Октября_0263_С;Стерлитамак
33121;Владимир Горького_3312_С;Владимир
34351;Волгоград Ленина_3435_С;Волгоград
34361;Волжский Сталинградская_3436_С;Волжский
30141;Астрахань Никольская_3014_С;Астрахань
71421;Узловая Кирова_7142_С;Узловая
02641;Стерлитамак Мира_0264_С;Стерлитамак
16651;Казань Ибрагимова_1665_С;Казань
32111;Новозыбков Коммунистическая_3211_С;Новозыбков
98191;Волхов Волгоградская_9819_С;Волхов
74841;Снежинск Забабахина_7484_С;Снежинск
98201;Выборг Ленинградское_9820_С;Выборг
19783;Москва Печорская_19783_С;Москва
19779;Москва Боровское_19779_С;Москва
52521;Гороховец Ленина_5252_С;Гороховец
19787;Москва Вернадского_19787_С;Москва
19788;Москва Корнея Чуковского_19788_С;Москва
19789;Москва Народного Ополчения_19789_С;Москва
19790;Москва Введенского_19790_С;Москва
96171;Екатеринбург Бажова_9617_С;Екатеринбург
96151;Екатеринбург Краснолесья_9615_С;Екатеринбург
75111;Чита Фадеева_7511_С;Чита
26261;Минеральные Воды 22 Партсъезда_2626_С;Минеральные Воды
54441;Новосибирск Сакко и Ванцетти_5444_С;Новосибирск
98411;Санкт-Петербург Подольская_9841_С;Санкт-Петербург
26252;Махачкала Абдулхакима Исмаилова_2625_С;Махачкала
38341;Братск Мечтателей_3834_С;Братск
59291;Пермь Ленина_5929_С;Пермь
74821;Трехгорный Карла Маркса_7482_С;Трехгорный
58331;Пенза Победы_5833_С;Пенза
22341;Горно-Алтайск Коммунистический_2234_С;Горно-Алтайск
22351;Майма Ленина_2235_С;Майма
98211;Кингисепп Карла Маркса_9821_С;Кингисепп
98221;Кириши Ленина_9822_С;Кириши
98231;Кировск Северная_9823_С;Кировск
98241;Луга Железнодорожная_9824_С;Луга
98251;Сосновый Бор Героев_9825_С;Сосновый Бор
98261;Тихвин 4-й мкр_9826_С;Тихвин
98271;Санкт-Петербург Коломяжский_9827_С;Санкт-Петербург
98281;Санкт-Петербург Ленсовета_9828_С;Санкт-Петербург
23681;Анапа Омелькова_2368_С;Анапа
33131;Владимир Коммунар (мкр) Зеленая_3313_С;Владимир
76171;Ярославль Первомайская_7617_С;Ярославль
14091;Якутск Труда_1409_С;Якутск
14101;Якутск Кальвица_1410_С;Якутск
23691;Майкоп Чкалова_2369_С;Майкоп
27311;Советская Гавань Ленина_2731_С;Советская Гавань
32121;Брянск Литейная_3212_С;Брянск
54461;Новосибирск Российская_5446_С;Новосибирск
19780;Сергиев Посад Красной Армии_19780_С;Сергиев Посад
36351;Воронеж Лизюкова_3635_С;Воронеж
57061;Орел Мира_5706_С;Орел
16671;Казань Ямашева_1667_С;Казань
16691;Казань Юлиуса Фучика_1669_С;Казань
19792;Домодедово Привокзальная площадь_19792_С;Домодедово
40191;Калуга Георгиевская_4019_С;Калуга
68021;Мичуринск Интернациональная_6802_С;Мичуринск
54061;Новосибирск Иванова_5406_С;Новосибирск
54471;Новосибирск Выборная_5447_С;Новосибирск
98431;Санкт-Петербург Балканская_9843_С;Санкт-Петербург
16701;Казань Копылова_1670_С;Казань
63701;Самара Московское_6370_С;Самара
19903;Красногорск Ильинский_19903_С;Красногорск
74871;Кыштым Ленина_7487_С;Кыштым
16681;Казань Адоратского_1668_С;Казань
19904;Москва Герасима Курина_19904_С;Москва
26041;Кисловодск Первомайский_2604_С;Кисловодск
23031;Геленджик Полевая_2303_С;Геленджик
48171;Липецк Лебедянское_4817_С;Липецк
26281;Ставрополь Макарова_2628_С;Ставрополь
42531;Междуреченск 50 лет Комсомола_4253_С;Междуреченск
68131;Тамбов Моршанское_6813_С;Тамбов
75121;Чита Амурская_7512_С;Чита
62121;Рязань Полетаева_6212_С;Рязань
19794;Москва Руставели_19794_С;Москва
42521;Прокопьевск Институтская_4252_С;Прокопьевск
19796;Москва Жулебинский_19796_С;Москва
42561;Киселевск Транспортный_4256_С;Киселевск
56251;Сорочинск Чернышевского_5625_С;Сорочинск
40201;Наро-Фоминск Войкова_4020_С;Наро-Фоминск
98461;Шушары Ростовская_9846_С;Шушары
42541;Осинники Победы_4254_С;Осинники
21121;Чебоксары Ярославская_2112_С;Чебоксары
82191;Севастополь Гоголя_8219_С;Севастополь
21131;Чебоксары Университетская_2113_С;Чебоксары
19799;Мытищи Мира_19799_С;Мытищи
36371;Воронеж Пеше-Стрелецкая_3637_С;Воронеж
02651;Нефтекамск Чапаева_0265_С;Нефтекамск
36381;Воронеж Машиностроителей_3638_С;Воронеж
54481;Новосибирск Громова_5448_С;Новосибирск
19908;Москва Хабаровская_19908_С;Москва
24411;Красноярск Ленина_2441_С;Красноярск
23741;Майкоп Шоссейная_2374_С;Майкоп
76031;Рыбинск Пассажирская_7603_С;Рыбинск
23041;Майкоп Ленина_2304_С;Майкоп
50081;Балашиха Свердлова_5008_С;Балашиха
61051;Новочеркасск Троицкая_6105_С;Новочеркасск
19910;Москва Яблочкова_19910_С;Москва
19911;Москва Каланчевская_19911_С;Москва
98481;Санкт-Петербург 2-й Муринский_9848_С;Санкт-Петербург
19906;Москва Пржевальского_19906_С;Москва
19916;Москва Осенний_19916_С;Москва
19909;Одинцово Садовая_19909_С;Одинцово
61441;Шахты Комиссаровский_6144_С;Шахты
19917;Москва Олимпийская деревня_19917_С;Москва
02671;Уфа Октября_0267_С;Уфа
63731;Самара Минская_6373_С;Самара
46141;Курск Бойцов 9 Дивизии_4614_С;Курск
61461;Ростов-на-Дону Московская_6146_С;Ростов-на-Дону
19936;Москва Коптевская_19936_С;Москва
72361;Тюмень Мельникайте_7236_С;Тюмень
19934;Москва Ивана Франко_19934_С;Москва
59321;Пермь Мира_5932_С;Пермь
32141;Дятьково Карла Маркса_3214_С;Дятьково
26291;Георгиевск Октябрьская_2629_С;Георгиевск
18231;Ижевск Ворошилова_1823_С;Ижевск
96191;Краснотурьинск Фрунзе_9619_С;Краснотурьинск
45141;Курган Коли Мяготина_4514_С;Курган
69141;Тверь Коминтерна_6914_С;Тверь
54501;Новосибирск Карла Маркса_5450_С;Новосибирск
58351;Пенза Воронова_5835_С;Пенза
73081;Ульяновск Радищева_7308_С;Ульяновск
69151;Удомля Энтузиастов_6915_С;Удомля
19935;Москва Береговой_19935_С;Москва
44071;Кострома Рабочий_4407_С;Кострома
16731;Казань Сибирский тракт_1673_С;Казань
23761;Темрюк Гагарина_2376_С;Темрюк
52531;Нижний Новгород Грузинская_5253_С;Нижний Новгород
54541;Новосибирск Писарева_5454_С;Новосибирск
72371;Тюмень Солнечный_7237_С;Тюмень
72381;Тюмень Республики_7238_С;Тюмень
69171;Тверь Калинина_6917_С;Тверь
68141;Кирсанов Революции_6814_С;Кирсанов
29161;Архангельск Троицкий_2916_С;Архангельск
82211;Симферополь Победы_8221_С;Симферополь
36391;Воронеж Лидии Рябцевой_3639_С;Воронеж
26331;Ставрополь Комсомольская_2633_С;Ставрополь
58381;Пенза Гладкова_5838_С;Пенза
54531;Новосибирск Советская_5453_С;Новосибирск
26361;Пятигорск Первомайская_2636_С;Пятигорск
73091;Ульяновск Филатова_7309_С;Ульяновск
19946;Бутово Жилой комплекс Бутово-Парк_19946_С;Бутово
24441;Красноярск Щорса_2444_С;Красноярск
19928;Наро-Фоминск Шибанкова_19928_С;Наро-Фоминск
23801;Краснодар Сормовская_2380_С;Краснодар
42601;Междуреченск Шахтеров_4260_С;Междуреченск
19950;Москва Мира_19950_С;Москва
29021;Северодвинск Труда_2902_С;Северодвинск
52051;Нижний Новгород Гордеевская_5205_С;Нижний Новгород
74091;Коркино Моргунова_7409_С;Коркино
22361;Барнаул Взлетная_2236_С;Барнаул
31131;Белгород Князя Трубецкого_3113_С;Белгород
31141;Белгород Хмельницкого_3114_С;Белгород
18241;Ижевск Пастухова_1824_С;Ижевск
54511;Новосибирск Троллейная_5451_С;Новосибирск
19918;Москва Никулинская_19918_С;Москва
19920;Москва Фридриха Энгельса_19920_С;Москва
38361;Братск Комсомольская_3836_С;Братск
54521;Новосибирск Гоголя_5452_С;Новосибирск
19924;Москва Пятницкая_19924_С;Москва
26321;Махачкала Петра 1_2632_С;Махачкала
23751;Анапа Крымская_2375_С;Анапа
03111;Улан-Удэ Балтахинова_0311_С;Улан-Удэ
19929;Коломна Советская_19929_С;Коломна
63741;Самара 22 Партсъезда_6374_С;Самара
48201;Липецк Спиртзаводская_4820_С;Липецк
25261;Владивосток Светланская_2526_С;Владивосток
27341;Хабаровск Кавказская_2734_С;Хабаровск
34371;Волгоград КИМ_3437_С;Волгоград
74881;Сатка Шоссейная_7488_С;Сатка
22381;Бийск имени Героя Советского Союза Трофимова_2238_С;Бийск
76201;Ярославль Гагарина_7620_С;Ярославль
76211;Ростов Гоголя_7621_С;Ростов
19931;Москва Серебрякова_19931_С;Москва
45151;Курган Машиностроителей_4515_С;Курган
42651;Новокузнецк Кирова_4265_С;Новокузнецк
55251;Омск Степанца_5525_С;Омск
16781;Казань Чистопольская_1678_С;Казань
16801;Альметьевск Строителей_1680_С;Альметьевск
19947;Москва Пролетарский_19947_С;Москва
19953;Москва Тверская Застава_19953_С;Москва
86341;Сургут Мира_8634_С;Сургут
42661;Мыски Советская_4266_С;Мыски
42671;Киселевск Унжакова_4267_С;Киселевск
21151;Чебоксары Калинина_2115_С;Чебоксары
19071;Саяногорск Советский_1907_С;Саяногорск
17031;Кызыл Кочетова_1703_С;Кызыл
31191;Белгород Хмельницкого_3119_С;Белгород
35221;Вологда Мира_3522_С;Вологда
67061;Рославль Ленина_6706_С;Рославль
19081;Абакан Тараса Шевченко_1908_С;Абакан
17041;Кызыл Воинов интернационалистов_1704_С;Кызыл
63831;Тольятти Мира_6383_С;Тольятти
19958;Одинцово Кутузовская_19958_С;Одинцово
35211;Череповец Архангельская_3521_С;Череповец
35231;Череповец Чкалова_3523_С;Череповец
24471;Зеленогорск Мира_2447_С;Зеленогорск
19956;Москва Земляной Вал_19956_С;Москва
42681;Кемерово Советский_4268_С;Кемерово
63821;Отрадный Гайдара_6382_С;Отрадный
98681;Санкт-Петербург Зайцева_9868_С;Санкт-Петербург
16811;Казань Родины_1681_С;Казань
30161;Астрахань Чернышевского_3016_С;Астрахань
98731;Кронштадт Ленина_9873_С;Кронштадт
60061;Псков Труда_6006_С;Псков
62141;Сасово Северный_6214_С;Сасово
18261;Ижевск Кирова_1826_С;Ижевск
23861;Краснодар Российская_2386_С;Краснодар
63841;Самара Центральная_6384_С;Самара
02761;Уфа 8 Марта_0276_С;Уфа
34431;Камышин Некрасова_3443_С;Камышин
26391;Ипатово Гагарина_2639_С;Ипатово
23901;Геленджик Островского_2390_С;Геленджик
24511;Красноярск Новая Заря_2451_С;Красноярск
19962;Москва Свободы_19962_С;Москва
26411;Махачкала Пушкина_2641_С;Махачкала
27361;Хурба Добровольского_2736_С;Хурба
74941;Златоуст Ленина_7494_С;Златоуст
23921;Крымск Троицкая_2392_С;Крымск
26381;Нальчик Шогенцукова_2638_С;Нальчик
11171;Сыктывкар Коммунистическая_1117_С;Сыктывкар
19965;Москва Боровское_19965_С;Москва
59451;Пермь Екатерининская_5945_С;Пермь
76221;Ярославль Октябрьский_7622_С;Ярославль
34421;Волгоград Ткачева_3442_С;Волгоград
89111;Салехард Чубынина_8911_С;Салехард
57091;Мценск Мира_5709_С;Мценск
61481;Таганрог Петровская_6148_C;Таганрог
57081;Орел Московская_5708_С;Орел
70221;Томск 79 Гвардейской Дивизии_7022_С;Томск
70231;Томск Энтузиастов_7023_С;Томск
30181;Астрахань Бабаевского_3018_С;Астрахань
86361;Ханты-Мансийск Кирова_8636_С;Ханты-Мансийск
24541;Красноярск Красноярский Рабочий_2454_С;Красноярск
22471;Камень-на-Оби Пушкина_2247_С;Камень-на-Оби
19967;Нахабино Школьная_19967_С;Нахабино
13091;Саранск Лямбирское_1309_C;Саранск
42701;Белово Юности_4270_С;Белово
26431;Ессентуки Гоголя_2643_С;Ессентуки
55261;Омск 10 лет Октября_5526_С;Омск
56281;Оренбург Гагарина_5628_С;Оренбург
02751;Мелеуз Первомайская_0275_С;Мелеуз
63851;Самара Гагарина_6385_С;Самара
69201;Тверь Петербургское_6920_С;Тверь
27381;Лесозаводск Пушкинская_2738_С;Лесозаводск
24461;Красноярск Мирошниченко_2446_С;Красноярск
25281;Лесозаводск Будника_2528_С;Лесозаводск
19973;Москва Пятницкое_19973_С;Москва
19970;Москва Дмитровское_19970_С;Москва
19971;Мытищи Кирпичная_19971_С;Мытищи
14121;Якутск Богдана Чижика_1412_С;Якутск
27371;Хабаровск Флегонтова_2737_С;Хабаровск
16741;Казань Пушкина_1674_С;Казань
86331;Югорск Механизаторов_8633;Югорск
98551;Тосно Барыбина_9855_С;Тосно
31181;Белгород Победы_3118_С;Белгород
96211;Екатеринбург Луначарского_9621_С;Екатеринбург
96201;Асбест Мира_9620_С;Асбест
98581;Санкт-Петербург Караваевская_9858_С;Санкт-Петербург
58371;Гай Декабристов_5837_С;Гай
61451;Ростов-на-Дону Королева_6145_С;Ростов-на-Дону
23771;Краснодар Красная_2377_С;Краснодар
19941;Москва Новоясеневский_19941_С;Москва
19942;Москва Буденного_19942_С;Москва
19944;Щелково Пролетарский_19944_С;Щелково
16751;Казань Дмитрия Менделеева_1675_С;Казань
03121;Улан-Удэ Сахьяновой_0312_С;Улан-Удэ
59431;Чусовой Мира_5943_С;Чусовой
34391;Волгоград Еременко_3439_С;Волгоград
34401;Волгоград Ополченская_3440_С;Волгоград
69161;Тверь Оснабрюкская_6916_С;Тверь
26351;Моздок Юбилейная_2635_С;Моздок
89101;Ноябрьск Советская_8910_С;Ноябрьск
55231;Омск Учебная_5523_С;Омск
98611;Санкт-Петербург Коллонтай_9861_С;Санкт-Петербург
98621;Санкт-Петербург Садовая_9862_С;Санкт-Петербург
98601;Боровичи Коммунарная_9860_С;Боровичи
98591;Санкт-Петербург Энгельса_9859_С;Санкт-Петербург
42571;Белово Песчаная_4257_С;Белово
40231;Калуга Старообрядческий_4023_С;Калуга
19948;Балашиха Павлино_19948_С;Балашиха
23831;Новороссийск Дзержинского_2383_С;Новороссийск
23781;Краснодар Первомайская_2378_С;Краснодар
46131;Курск Победы_4613_С;Курск
19940;Красногорск Космонавтов_19940_С;Красногорск
74911;Челябинск Зыкова_7491_С;Челябинск
42641;Прокопьевск Космонавта Волынова_4264_С;Прокопьевск
13101;Саранск Полежаева_1310_С;Саранск
16831;Казань Пионерская_1683_С;Казань
29191;Вельск Дзержинского_2919_С;Вельск
63891;Сызрань Победы_6389_С;Сызрань
48231;Липецк Шерстобитова_4823_С;Липецк
30201;Астрахань Рыбинская_3020_С;Астрахань
69211;Тверь Академика Туполева_6921_С;Тверь
26051;Нальчик Байсултанова_2605_С;Нальчик
66231;Каменск-Уральский Уральская_6623_С;Каменск-Уральский
42621;Кемерово Октябрьский_4262_С;Кемерово
69181;Тверь Можайского_6918_С;Тверь
42611;Кемерово Соборная_4261_С;Кемерово
19954;Москва Варшавское_19954_С;Москва
23881;Краснодар Гоголя_2388_С;Краснодар
98631;Санкт-Петербург Энгельса_9863_С;Санкт-Петербург
98661;Санкт-Петербург Лиговский_9866_С;Санкт-Петербург
52541;Нижний Новгород Максима Горького_5254_С;Нижний Новгород
22401;Заринск Союза Республик_2240_С;Заринск
61471;Ростов-на-Дону Думенко_6147_С;Ростов-на-Дону
67071;Ярцево Советская_6707_С;Ярцево
19959;Москва Вернадского_19959_С;Москва
19957;Москва Уральская_19957_С;Москва
24451;Красноярск 9 Мая_2445_С;Красноярск
67081;Вязьма 25 Октября_6708_С;Вязьма
98711;Санкт-Петербург Ударников_9871_С;Санкт-Петербург
98721;Санкт-Петербург Загородный_9872_С;Санкт-Петербург
24491;Лесосибирск Мира_2449_С;Лесосибирск
69191;Торжок Радищева_6919_С;Торжок
36411;Воронеж Плехановская_3641_С;Воронеж
54581;Новосибирск Богдана Хмельницкого_5458_С;Новосибирск
24501;Красноярск Карла Маркса_2450_С;Красноярск
46151;Курск Никитская_4615_С;Курск
74951;Челябинск Комаровского_7495_С;Челябинск
18271;Ижевск Максима Горького_1827_С;Ижевск
22421;Барнаул Ленина_2242_С;Барнаул
02771;Уфа Октября_0277_C;Уфа
40241;Калуга Глаголева_4024_С;Калуга
74931;Чебаркуль Ленина_7493_С;Чебаркуль
42691;Новокузнецк Советской Армии_4269_С;Новокузнецк
44081;Кострома Стопани_4408_С;Кострома
24531;Красноярск Декабристов_2453_С;Красноярск
29181;Няндома Леваневского_2918_С;Няндома
62151;Рязань Крупской_6215_С;Рязань
96261;Полевской Торопова_9626_С;Полевской
63071;Новокуйбышевск Молодежная_6307_С;Новокуйбышевск
63061;Димитровград Куйбышева_6306_С;Димитровград
02781;Уфа Салавата Юлаева_0278_С;Уфа
35251;Вологда Ленинградская_3525_С;Вологда
42711;Таштагол Поспелова_4271_С;Таштагол
63881;Тольятти 40 лет Победы_6388_С;Тольятти
54561;Новосибирск Заречная_5456_С;Новосибирск
72401;Тюмень Московский тракт_7240_С;Тюмень
72411;Тюмень Заречный_7241_ С;Тюмень
23961;Краснодар Ставропольская_2396_С;Краснодар
61491;Ростов-на-Дону Зорге_6149_С;Ростов-на-Дону
21171;Чебоксары Гагарина_2117_С;Чебоксары
18281;Ижевск Клубная_1828_С;Ижевск
72421;Тюмень Беляева_7242_С;Тюмень
38411;Иркутск Дзержинского_3841_С;Иркутск
28121;Благовещенск Пушкина_2812_С;Благовещенск
19980;Москва Новокосинская_19980_С;Москва
19981;Москва Коммунарка_19981_С;Москва
22501;Барнаул Шумакова_2250_С;Барнаул
11201;Сыктывкар Бумажников_1120_С;Сыктывкар
02821;Уфа Советская_0282_С;Уфа
62171;Рязань Семчинская_6217_С;Рязань
26441;Пятигорск Дзержинского_2644_С;Пятигорск
62161;Рязань Грибоедова_6216_С;Рязань
02831;Уфа Октября_0283_С;Уфа
41091;Петропавловск-Камчатский Ленинская_4109_С;Петропавловск-Камчатский
52611;Выкса Почтовый_5261_С;Выкса
72431;Тюмень Домостроителей_7243_С;Тюмень
33141;Вязники Удобная_3314_С;Вязники
34451;Волгоград Ленина_3445_С;Волгоград
34441;Волгоград маршала Чуйкова_3444_С;Волгоград
33151;Чудиново 290 км_3315_С;Чудиново
52601;Нижний Новгород Чайковского_5260_С;Нижний Новгород
27391;Хабаровск Дикопольцева_2739_С;Хабаровск
27401;Хабаровск Краснореченская_2740_С;Хабаровск
43181;Киров Андрея Упита_4318_С;Киров
36431;Воронеж Московский_3643_С;Воронеж
42731;Кемерово Ленина_4273_С;Кемерово
19987;Москва Коровинское_19987_С;Москва
86391;Когалым Молодежная_8639_С;Когалым
14131;Якутск Строителей_1413_С;Якутск
86401;Когалым Градостроителей_8640_С;Когалым
19986;Москва Каширское_19986_С;Москва
89131;Муравленко Ленина_8913_С;Муравленко
86411;Стрежевой Ермакова_8641_С;Стрежевой
86421;Советский Гастелло_8642_С;Советский
86381;Нягань Нефтяников_8638_С;Нягань
64641;Саратов Московская_6464_С;Саратов
42761;Кемерово Рукавишникова_4276_С;Кемерово
26461;Невинномысск Павлова_2646_С;Невинномысск
89141;Новый Уренгой Юбилейная_8914_С;Новый Уренгой
19991;Москва Каховка_19991_С;Москва
22551;Новоалтайск Гагарина_2255_С;Новоалтайск
22531;Барнаул Победы_2253_С;Барнаул
19990;Химки Совхозная_19990_С;Химки
68161;Тамбов Мичуринская_6816_С;Тамбов
19985;Москва Анадырский_19985_С;Москва
24581;Железногорск Курчатова_2458_С;Железногорск
18301;Ижевск Л.Толстого_1830_С;Ижевск
48261;Грязи 30 лет Победы_4826_С;Грязи
62191;Касимов Советская_6219_С;Касимов
93011;Новороссийск Леднева_9301_С;Новороссийск
19995;Краснознаменск Краснознаменная_19995_С;Краснознаменск
38441;Иркутск Декабрьских Событий_3844_С;Иркутск
96361;Ревда Мира_9636_С;Ревда
71511;Ефремов Свердлова_7151_С;Ефремов
56291;Оренбург Терешковой_5629_С;Оренбург
70271;Томск Герцена_7027_С;Томск
48251;Липецк Филипченко_4825_С;Липецк
16061;Нижнекамск Юности_1606_С;Нижнекамск
24031;Канск Пролетарская_2403_С;Канск
61061;Шахты Карла Маркса_6106_С;Шахты
64611;Энгельс Тельмана_6461_С;Энгельс
54601;Новосибирск Семьи Шамшиных_5460_С;Новосибирск
63911;Сызрань 50 лет Октября_6391_С;Сызрань
63921;Сызрань Гоголя_6392_С;Сызрань
96281;Екатеринбург Фрунзе_9628_С;Екатеринбург
63931;Тимофеевка Октябрьская_6393_С;Тимофеевка
79903;Серпухов Ворошилова_79903_С;Серпухов
57121;Орел Приборостроительная_5712_С;Орел
89171;Новый Уренгой Советский_8917_С;Новый Уренгой
93101;Краснодар Трамвайная_9310_С;Краснодар
56321;Орск Ленина_5632_С;Орск
65661;Саратов Горького_6466_С;Саратов
59501;Пермь Маршала Рыбалко_5950_С;Пермь
18311;Ижевск Красноармейская_1831_С;Ижевск
37211;Фурманов Социалистическая_3721_С;Фурманов
75151;Чита Металлистов_7515_С;Чита
58441;Пенза Терновского_5844_С;Пенза
68171;Тамбов Карла Маркса_6817_С;Тамбов
56311;Оренбург Хакимова_5631_С;Оренбург
02861;Мелеуз Смоленская_0286_С;Мелеуз
62201;Рязань Ленинского Комсомола_6220_С;Рязань
96401;Березовский Березовский тракт_9640_С;Березовский
22601;Барнаул Попова_2260_С;Барнаул
22611;Барнаул Куйбышева_2261_С;Барнаул
76261;Тутаев Моторостроителей_7626_С;Тутаев
93111;Яблоновский Гагарина_9311_С;Яблоновский
96421;Первоуральск Ленина_9642_С;Первоуральск
45161;Курган Карла Маркса_4516_С;Курган
73101;Ульяновск Рябикова_7310_С;Ульяновск
79919;Москва Адмирала Лазарева_79919_С;Москва
96381;Богданович Кунавина_9638_С;Богданович
57131;Орел Гуртьева_5713_С;Орел
96441;Екатеринбург Культуры_9644_С;Екатеринбург
79920;Москва Шарикоподшипниковская_79920_С;Москва
48271;Липецк Газина_4827_С;Липецк
98841;Санкт-Петербург Левашовский_9884_С;Санкт-Петербург
79918;Москва Старокалужское_79918_С;Москва
98851;Пушкин Гусарская_9885_С;Пушкин
98861;Колпино Веры Слуцкой_9886_С;Колпино
42851;Кемерово Ленинградский_4285_С;Кемерово
79922;Зеленоград Центральный_79922_С;Зеленоград
17401;Челябинск Пушкина_1740_С;Челябинск
96471;Сухой Лог Победы_9647_С;Сухой Лог
93051;Краснодар Героев-Разведчиков_9305_С;Краснодар
93081;Новороссийск Ленина_9308_С;Новороссийск
35281;Череповец М.Горького_3528_С;Череповец
79923;Москва Тёплый Стан_79923_С;Москва
74991;Магнитогорск Ленина_7499_С;Магнитогорск
16951;Казань Рихарда Зорге_1695_С;Казань
43191;Киров Ленина (Солнечный берег)_4319_С;Киров
35271;Вологда Северная_3527_С;Вологда
75161;Чита Бутина_7516_С;Чита
93061;Краснодар 9-я Тихая_9306_С;Краснодар
79924;Подольск Северная_79924_С;Подольск
64621;Саратов Киселева_6462_С;Саратов
10081;Петрозаводск Кирова_1008_С;Петрозаводск
59461;Пермь Крупской_5946_С;Пермь
96271;Екатеринбург Вильгельма де Геннина_9627_С;Екатеринбург
54611;Новосибирск Горский_5461_C;Новосибирск
58421;Пенза Ставского_5842_С;Пенза
19978;Москва Электролитный_19978_С;Москва
98791;Санкт-Петербург Ропшинская_9879_С;Санкт-Петербург
32151;Брянск Новозыбковский_3215_С;Брянск
96311;Екатеринбург Ломоносова_9631_С;Екатеринбург
19979;Москва Открытое_19979_С;Москва
31201;Белгород Дегтярева_3120_С;Белгород
02811;Кумертау Первомайская_0281_С;Кумертау
29201;Архангельск Суворова_2920_С;Архангельск
19983;Москва Зелёный_19983_С;Москва
42741;Кемерово Шахтеров_4274_С;Кемерово
62181;Коломна Яна Грунта_6218_С;Коломна
71491;Заокский Поленова_7149_С;Заокский
70251;Томск Гагарина_7025_С;Томск
70261;Томск Красноармейская_7026_С;Томск
23971;Краснодар Ставропольская_2397_С;Краснодар
86371;Нефтеюганск 14-й микрорайон_8637_С;Нефтеюганск
89151;Лабытнанги Школьная_8915_С;Лабытнанги
23981;Туапсе Кириченко_2398_С;Туапсе
52621;Заволжье Рылеева_5262_С;Заволжье
86431;Урай 2-ой микрорайон_8643_С;Урай
19988;Кубинка Можайское_19988_С;Кубинка
25301;Владивосток Океанский_2530_С;Владивосток
27351;Комсомольск-на-Амуре Красноармейская_2735_С;Комсомольск-на-Амуре
42771;Кемерово Притомский_4277_С;Кемерово
16891;Казань Рихарда Зорге_1689_С;Казань
67121;Смоленск Кашена_6712_С;Смоленск
67111;Смоленск Гагарина_6711_С;Смоленск
16821;Казань Даурская_1682_С;Казань
22541;Бийск Мопровский_2254_С;Бийск
19994;Москва Планерная_19994_С;Москва
79901;Михнево Кооперативная_79901_С;Михнево
19998;Московский Солнечная_19998_С;Московский
79906;Ивантеевка Хлебозаводская_79906_С;Ивантеевка
74961;Южноуральск Мира_7496_С;Южноуральск
79904;Москва Гоголевский_79904_С;Москва
79902;Москва 3-й Крутицкий_79902_С;Москва
38471;Братск Комсомольская_3847_С;Братск
70281;Томск Сергея Лазо_7028_С;Томск
68191;Тамбов Астраханская_6819_С;Тамбов
22621;Бийск Вали Максимовой_2262_С;Бийск
56331;Оренбург Туркестанская_5633_С;Оренбург
96461;Первоуральск Ильича_9646_С;Первоуральск
52681;Нижний Новгород Лескова_5268_С;Нижний Новгород
26481;Новоалександровск Толстого_2648_С;Новоалександровск
37231;Иваново Громобоя_3723_С;Иваново
79928;Москва Бирюлёвская_79928_С;Москва
79929;Мытищи Белобородова_79929_С;Мытищи
38481;Ангарск микрорайон 12А_3848_С;Ангарск
43201;Киров Октябрьский_4320_С;Киров
22631;Горно-Алтайск Чорос-Гуркина_2263_С;Горно-Алтайск
79927;Москва Б. Грузинская_79927_С;Москва
17404;Магнитогорск Карла Маркса_17404_С;Магнитогорск
29211;Северодвинск Ленина_2921_С;Северодвинск
98901;Санкт-Петербург Шкапина_9890_С;Санкт-Петербург
79931;Москва Яна Райниса_79931_С;Москва
42041;Ленинск-Кузнецкий Ульяновская_4204_С;Ленинск-Кузнецкий
26061;Махачкала Коркмасова_2606_С;Махачкала
36451;Воронеж Ворошилова_3645_С;Воронеж
76251;Ярославль Папанина_7625_С;Ярославль
79908;Москва Автозаводская_79908_С;Москва
19999;Дзержинский Лесная_19999_С;Дзержинский
79909;Москва Мясницкая_79909_С;Москва
16901;Бугульма Баумана_1690_С;Бугульма
52641;Городец Республиканская_5264_С;Городец
60081;Псков Максима Горького_6008_С;Псков
59491;Кунгур Степана Разина_5949_С;Кунгур
34461;Урюпинск Ленина_3446_С;Урюпинск
37201;Тейково Шестагинский_3720_С;Тейково
96351;Сысерть Коммуны_9635_С;Сысерть
41101;Петропавловск-Камчатский Автомобилистов_4110_С;Петропавловск-Камчатский
79905;Химки Юбилейный_79905_С;Химки
79914;Москва Шаболовка_79914_С;Москва
79913;Щелково Радиоцентра N5_79913_С;Щелково
69221;Конаково Набережная Волги_6922_С;Конаково
79912;Москва Полярная_79912_С;Москва
62211;Рязань Новоселов_6221_С;Рязань
93121;Сочи Горького_9312_С;Сочи
93031;Сочи Северная_9303_С;Сочи
96371;Нижний Тагил Черных_9637_С;Нижний Тагил
25311;Находка Луначарского_2531_С;Находка
96411;Нижний Тагил Восточный_9641_С;Нижний Тагил
96391;Екатеринбург Суходольская_9639_С;Екатеринбург
44101;Кострома Советская_4410_С;Кострома
42821;Новокузнецк Куйбышева_4282_С;Новокузнецк
76271;Ярославль Чкалова_7627_С;Ярославль
76281;Ярославль 2-ой Брагинский_7628_С;Ярославль
14141;Якутск Пояркова_1414_С;Якутск
96431;Екатеринбург Сулимова_9643_С;Екатеринбург
42831;Новокузнецк Кузнецова_4283_С;Новокузнецк
76291;Ярославль Авиаторов_7629_С;Ярославль
37221;Иваново Богдана Хмельницкого_3722_С;Иваново
21181;Чебоксары Мира_2118_С;Чебоксары
52671;Нижний Новгород Плотникова_5267_С;Нижний Новгород
13121;Саранск Миронова_1312_С;Саранск
52651;Муром Московская_5265_С;Муром
23101;Кропоткин Красная_2310_С;Кропоткин
82021;Севастополь Октябрьской Революции_8202_С;Севастополь
82031;Севастополь Очаковцев_8203_С;Севастополь
59031;Лысьва Мира_5903_С;Лысьва
18031;Сарапул Горького_1803_С;Сарапул
18041;Воткинск Ленина_1804_С;Воткинск
02081;Туймазы Ленина_0208_С;Туймазы
93091;Новороссийск (Гайдук) Полевая_9309_С;Новороссийск
18341;Ижевск Молодежная_1834_С;Ижевск
16961;Казань Восстания_1696_С;Казань
17403;Челябинск Молодогвардейцев_17403_С;Челябинск
33161;Суздаль Садовая_3316_С;Суздаль
33171;Киржач Привокзальная_3317_С;Киржач
79930;Москва 800-летия Москвы_79930_С;Москва
79926;Москва Каширское_79926_С;Москва
96481;Екатеринбург Карла Либкнехта_9648_С;Екатеринбург
64721;Саратов Аткарская_6472_С;Саратов
64701;Энгельс Коммунистическая_6470_С;Энгельс
22031;Новоалтайск 22 Партсъезда_2203_С;Новоалтайск
74101;Челябинск Энгельса_7410_С;Челябинск
52081;Нижний Новгород Искры_5208_С;Нижний Новгород
34031;Камышин Мира_3403_С;Камышин
50091;Королев Горького_5009_С;Королев
37022;Шуя Малахия Белова_3702_С;Шуя
37038;Кинешма Комсомольская_3703_С;Кинешма
42091;Юрга Победы_4209_С;Юрга
63081;Чапаевск Ленина_6308_С;Чапаевск
25021;Уссурийск Чичерина_2502_С;Уссурийск
25031;Находка Находкинский_2503_С;Находка
77451;Москва Олимпийский_7745_С;Москва
38051;Ангарск 108-й квартал_3805_С;Ангарск
72041;Ноябрьск Республики_8904_С;Ноябрьск
77461;Москва Тимирязевская_7746_С;Москва
77471;Москва Дубравная_7747_С;Москва
21021;Новочебоксарск Советская_2102_С;Новочебоксарск
11041;Воркута Ленина_1104_С;Воркута
78131;Санкт-Петербург Белы Куна_7813_С;Санкт-Петербург
78141;Санкт-Петербург Пискаревский_7814_С;Санкт-Петербург
61081;Волгодонск Ленина_6108_С;Волгодонск
71031;Тула Первомайская_7103_С;Тула
49011;Магадан Коммуны_4901_С;Магадан
54081;Кольцово Вознесенская_5408_С;Кольцово
25051;Владивосток Русская_2505_С;Владивосток
25061;Владивосток Луговая_2506_С;Владивосток
77521;Москва Профсоюзная_7752_С;Москва
68031;Тамбов Советская_6803_С;Тамбов
35031;Вологда Победы_3503_С;Вологда
27051;Хабаровск Краснореченская_2705_С;Хабаровск
54121;Новосибирск Тюленина_5412_С;Новосибирск
37041;Иваново Ленина_3704_С;Иваново
72051;Тюмень Республики_7205_С;Тюмень
74171;Троицк Советская_7417_С;Троицк
74181;Миасс Автозаводцев_7418_С;Миасс
31041;Белгород Юности_3104_С;Белгород
46031;Курск Победы_4603_С;Курск
74201;Челябинск Ленина_7420_С;Челябинск
78201;Санкт-Петербург Коломяжский_7820_С;Санкт-Петербург
61091;Ростов-на-Дону Шолохова_6109_С;Ростов-на-Дону
56041;Оренбург 9 Января_5604_С;Оренбург
60021;Псков Металлистов_6002_С;Псков
78251;Санкт-Петербург Партизана Германа_7825_С;Санкт-Петербург
33021;Владимир Добросельская_3302_С;Владимир
77541;Москва Профсоюзная_7754_С;Москва
77551;Москва Сокольническая_7755_С;Москва
77561;Москва Розанова_7756_С;Москва
77571;Москва Шипиловский_7757_С;Москва
71041;Тула 9 Мая_7104_С;Тула
23141;Краснодар Атарбекова_2314_С;Краснодар
68041;Тамбов Чичерина_6804_С;Тамбов
34081;Волжский Мира_3408_С;Волжский
350411;Череповец Победы_3504_С;Череповец
42111;Кемерово Свободы_4211_С;Кемерово
63111;Тольятти Дзержинского_6311_С;Тольятти
31051;Старый Оскол Олимпийский_3105_С;Старый Оскол
34071;Волгоград Кирова_3407_С;Волгоград
66301;Серов Карла Маркса_6630_С;Серов
34091;Волгоград 50 лет Октября_3409_С;Волгоград
34101;Волгоград Ополченская_3410_С;Волгоград
77531;Коломна Октябрьской революции_7753_С;Коломна
58041;Пенза Строителей_5804_С;Пенза
77581;Москва Ленинградский_7758_С;Москва
37051;Иваново Ленина_3705_С;Иваново
66321;Карпинск Куйбышева_6632_С;Карпинск
66341;Североуральск Белинского_6634_С;Североуральск
22041;Барнаул Балтийская_2204_С;Барнаул
22051;Барнаул Молодежная_2205_С;Барнаул
77591;Москва Солнцевский_7759_С;Москва
76041;Ярославль Ленинградский_7604_С;Ярославль
130211;Саранск Коваленко_1302_С;Саранск
77631;Москва Ивантеевская_7763_С;Москва
55021;Омск Герцена_5502_С;Омск
69021;Тверь Петербургское_6902_С;Тверь
77651;Москва Кировоградская_7765_С;Москва
77691;Москва Дружинниковская_7769_С;Москва
24071;Красноярск Копылова_2407_С;Красноярск
56071;Орск Мира_5607_С;Орск
77661;Москва Люблинская_7766_С;Москва
74211;Челябинск Дегтярева_7421_С;Челябинск
61111;Ростов-на-Дону Вятская_6111_С;Ростов-на-Дону
77601;Москва Дмитрия Ульянова_7760_С;Москва
29041;Архангельск Троицкий_2904_С;Архангельск
77721;Москва Кировоградская_7772_С;Москва
46041;Курск Дзержинского_4604_С;Курск
16081;Казань Беломорская_1608_С;Казань
63121;Самара Ленина_6312_С;Самара
62021;Рязань Циолковского_6202_С;Рязань
69041;Вышний Волочек Муслима Магомаева_6904_С;Вышний Волочек
59051;Пермь Писарева_5905_С;Пермь
59061;Пермь Светлогорская_5906_С;Пермь
59071;Пермь Космонавтов_5907_С;Пермь
59081;Пермь Чкалова_5908_С;Пермь
59091;Пермь Крупской_5909_С;Пермь
63141;Тольятти Степана Разина_6314_С;Тольятти
74231;Челябинск Братьев Кашириных_7423_С;Челябинск
48041;Липецк Катукова_4804_С;Липецк
54131;Бердск Максима Горького_5413_С;Бердск
48051;Липецк Семашко_4805_С;Липецк
48061;Липецк Неделина_4806_С;Липецк
52111;Арзамас К.Маркса_5211_С;Арзамас
52131;Саров Музрукова_5213_С;Саров
66351;Нижний Тагил Черных_6635_С;Нижний Тагил
66361;Нижний Тагил Зари_6636_С;Нижний Тагил
77701;Москва Генерала Кузнецова_7770_С;Москва
72081;Тюмень Василия Гольцова_7208_С;Тюмень
77791;Москва 2-я Звенигородская_7779_С;Москва
63151;Самара Мичурина_6315_С;Самара
77761;Люберцы Волковская_7776_С;Люберцы
77851;Москва Зеленодольская_7785_С;Москва
120211;Йошкар-Ола Советская_1202_С;Йошкар-Ола
86071;Сургут Ленина_8607_С;Сургут
02151;Уфа Степана Кувыкина_0215_С;Уфа
74251;Копейск Победы_7425_С;Копейск
31061;Белгород Народный_3106_С;Белгород
36071;Воронеж Ворошилова_3607_С;Воронеж
31071;Губкин Фрунзе_3107_С;Губкин
77871;Москва Космодемьянских_7787_С;Москва
64131;Энгельс Тельмана_6413_С;Энгельс
66381;Екатеринбург Грибоедова_6638_С;Екатеринбург
02161;Уфа Октября_0216_С;Уфа
23201;Сочи Донская_2320_С;Сочи
16091;Набережные Челны Раиса Беляева_1609_С;Набережные Челны
78261;Гатчина 25-го октября_7826_С;Гатчина
66411;Полевской Степана Разина_6641_С;Полевской
73021;Ульяновск Станкостроителей_7302_С;Ульяновск
64151;Саратов Тархова_6415_С;Саратов
46051;Железногорск Ленина_4605_С;Железногорск
66431;Екатеринбург Белореченская_6643_С;Екатеринбург
56081;Оренбург Ленинская_5608_С;Оренбург
10031;Петрозаводск Куйбышева_1002_С;Петрозаводск
66451;Екатеринбург 8 марта_6645_С;Екатеринбург
66441;Екатеринбург Бардина_6644_С;Екатеринбург
50151;Пушкино Лесная_5015_С;Пушкино
23171;Краснодар Чекистов_2317_С;Краснодар
66461;Екатеринбург Кузнецова_6646_С;Екатеринбург
66471;Екатеринбург Академическая_6647_С;Екатеринбург
66481;Екатеринбург Космонавтов_6648_С;Екатеринбург
66491;Екатеринбург Опалихинская_6649_С;Екатеринбург
66501;Екатеринбург Сиреневый_6650_С;Екатеринбург
66511;Екатеринбург Техническая_6651_С;Екатеринбург
66521;Екатеринбург Черноморский_6652_С;Екатеринбург
74261;Магнитогорск Герцена_7426_С;Магнитогорск
400311;Калуга Ленина_4003_С;Калуга
23221;Краснодар Кореновская_2322_С;Краснодар
77951;Москва Зубовский_7795_С;Москва
77971;Москва Декабристов_7797_С;Москва
42141;Кемерово Шахтеров_4214_С;Кемерово
66531;Краснотурьинск Коммунальная_6653_С;Краснотурьинск
21031;Чебоксары Максима Горького_2103_С;Чебоксары
18061;Глазов Советская_1806_С;Глазов
50191;Зеленоград Каменка_5019_С;Зеленоград
50181;Солнечногорск Красная_5018_С;Солнечногорск
19031;Черногорск Калинина_1903_С;Черногорск
97011;Москва Бауманская_9701_С;Москва
45051;Курган Урицкого_4505_С;Курган
02191;Уфа Первомайская_0219_С;Уфа
74281;Челябинск Кирова_7428_С;Челябинск
72101;Тюмень Луначарского_7210_С;Тюмень
50221;Химки Панфилова_5022_С;Химки
34121;Волгоград Маршала Жукова_3412_С;Волгоград
42161;Кемерово Шестакова_4216_С;Кемерово
52191;Балахна Лесопильная_5219_С;Балахна
97151;Москва Алтуфьевское_9715_С;Москва
42171;Кемерово Патриотов_4217_С;Кемерово
63201;Тольятти Ленина_6320_С;Тольятти
24151;Норильск Ленинский_2415_С;Норильск
02211;Уфа Октября_0221_С;Уфа
02201;Уфа Гоголя_0220_С;Уфа
02221;Уфа Менделеева_0222_С;Уфа
72121;Тюмень Монтажников_7212_С;Тюмень
97101;Москва Покрышкина_9710_С;Москва
97171;Москва Петрозаводская_9717_С;Москва
97181;Москва Ленинский_9718_С;Москва
97241;Москва Мясницкая_9724_С;Москва
74311;Челябинск Академика Королева_7431_С;Челябинск
63211;Тольятти 40 лет Победы_6321_С;Тольятти
22091;Барнаул Попова_2209_С;Барнаул
22081;Барнаул Георгия Исакова_2208_С;Барнаул
66551;Невьянск Октябрьский_6655_С;Невьянск
50241;Химки Московская_5024_С;Химки
50271;Химки Мельникова_5027_С;Химки
74321;Челябинск Комсомольский_7432_С;Челябинск
55051;Омск Карла Маркса_5505_С;Омск
50281;Мытищи Веры Волошиной_5028_С;Мытищи
34131;Волгоград Рабоче-Крестьянская_3413_С;Волгоград
54161;Новосибирск Красный_5416_С;Новосибирск
18081;Ижевск Промышленная_1808_С;Ижевск
42181;Новокузнецк Курако_4218_С;Новокузнецк
32031;Брянск Ульянова_3203_С;Брянск
97341;Москва Жулебинский_9734_С;Москва
66601;Екатеринбург Белинского_6660_С;Екатеринбург
66611;Екатеринбург Уральская_6661_С;Екатеринбург
97361;Москва Чонгарский_9736_С;Москва
78281;Санкт-Петербург Автовская_7828_С;Санкт-Петербург
78291;Санкт-Петербург Пулковская_7829_С;Санкт-Петербург
74331;Магнитогорск Карла Маркса_7433_С;Магнитогорск
73041;Ульяновск Московское_7304_С;Ульяновск
68061;Тамбов Магистральная_6806_С;Тамбов
66641;Екатеринбург Пехотинцев_6664_С;Екатеринбург
97381;Москва Россошанская_9738_С;Москва
97311;Москва Академика Ильюшина_9731_С;Москва
44021;Кострома Симановского_4402_С;Кострома
02261;Уфа Цюрупы_0226_С;Уфа
02251;Уфа Тухвата Янаби_0225_С;Уфа
02271;Салават Юлаева_0227_С;Салават
64201;Балаково Степная_6420_С;Балаково
52211;Дзержинск Ленина_5221_С;Дзержинск
50301;Серпухов Горького_5030_С;Серпухов
42201;Новокузнецк Ермакова_4220_С;Новокузнецк
54181;Новосибирск Вокзальная_5418_С;Новосибирск
78341;Санкт-Петербург Зины Портновой_7834_С;Санкт-Петербург
52161;Нижний Новгород Космонавта Комарова_5216_С;Нижний Новгород
52231;Нижний Новгород Октября_5223_С;Нижний Новгород
52241;Нижний Новгород Сормовское_5224_С;Нижний Новгород
74341;Златоуст Карла Маркса_7434_С;Златоуст
78351;Санкт-Петербург Балканская_7835_С;Санкт-Петербург
34141;Волжский Ленина_3414_С;Волжский
69051;Тверь Зинаиды Коноплянниковой_6905_С;Тверь
30041;Астрахань Софьи Перовской_3004_С;Астрахань
30051;Астрахань Богдана Хмельницкого_3005_С;Астрахань
97421;Москва Чечёрский_9742_С;Москва
59131;Пермь Гашкова_5913_С;Пермь
63241;Самара Вольская_6324_С;Самара
97401;Москва Лукинская_9740_С;Москва
50321;Зеленоград Центральный_5032_С;Зеленоград
57031;Орел Московское_5703_С;Орел
24171;Красноярск Шумяцкого_2417_С;Красноярск
64211;Саратов Тархова_6421_С;Саратов
24161;Красноярск Телевизорная_2416_С;Красноярск
74361;Челябинск Курчатова_7436_С;Челябинск
58091;Пенза Ленинградская_5809_С;Пенза
97451;Москва Таганская_9745_С;Москва
59121;Чайковский Мира_5912_С;Чайковский
38071;Иркутск Шевцова_3807_С;Иркутск
63251;Самара Революционная_6325_С;Самара
97411;Москва Стратонавтов_9741_С;Москва
59151;Пермь Куйбышева_5915_С;Пермь
15021;Владикавказ Коста_1502_С;Владикавказ
74371;Магнитогорск Советская_7437_С;Магнитогорск
97471;Москва Академика Бакулева_9747_С;Москва
50311;Жуковский Келдыша_5031_С;Жуковский
97481;Москва Поклонная_9748_С;Москва
97491;Москва 1-я Новокузьминская_9749_С;Москва
73051;Ульяновск Врача Михайлова_7305_С;Ульяновск
78371;Санкт-Петербург Тепловозная_7837_С;Санкт-Петербург
78381;Санкт-Петербург Торфяная_7838_С;Санкт-Петербург
78401;Санкт-Петербург Энгельса_7840_С;Санкт-Петербург
52251;Нижний Новгород Васенко_5225_С;Нижний Новгород
52261;Нижний Новгород Композитора Касьянова_5226_С;Нижний Новгород
52271;Нижний Новгород Карла Маркса_5227_С;Нижний Новгород
97531;Москва Сходненская_9753_С;Москва
69061;Тверь Ленина_6906_С;Тверь
30071;Астрахань Яблочкова_3007_С;Астрахань
66651;Екатеринбург Радищева_6665_С;Екатеринбург
33041;Владимир Большая Нижегородская_3304_С;Владимир
33051;Владимир Верхняя Дуброва_3305_С;Владимир
21041;Чебоксары Хузангая_2104_С;Чебоксары
43031;Киров Сурикова_4303_С;Киров
43041;Киров Октябрьский_4304_С;Киров
54261;Новосибирск Красный_5426_С;Новосибирск
25071;Владивосток Океанский_2507_С;Владивосток
27081;Хабаровск Муравьева-Амурского_2708_С;Хабаровск
120311;Йошкар-Ола Красноармейская_1203_С;Йошкар-Ола
75031;Чита Костюшко-Григоровича_7503_С;Чита
74381;Златоуст Гагарина_7438_С;Златоуст
68071;Тамбов Советская_6807_С;Тамбов
97571;Домодедово Лунная_9757_С;Домодедово
34161;Волгоград Менжинского_3416_С;Волгоград
64221;Саратов Шевченко_6422_С;Саратов
74411;Миасс Октября_7441_С;Миасс
24201;Красноярск Ястынская_2420_С;Красноярск
66691;Каменск-Уральский Кунавина_6669_С;Каменск-Уральский
68081;Тамбов Карла Маркса_6808_С;Тамбов
54271;Новосибирск Каменская_5427_С;Новосибирск
55081;Омск Красный Путь_5508_С;Омск
61141;Каменск-Шахтинский Карла Маркса_6114_С;Каменск-Шахтинский
50341;Химки Кирова_5034_С;Химки
50361;Чехов Гагарина_5036_С;Чехов
16171;Казань Юлиуса Фучика_1617_С;Казань
38101;Иркутск Партизанская_3810_С;Иркутск
16151;Казань Восстания_1615_С;Казань
16141;Казань Николая Ершова_1614_С;Казань
86121;Сургут Грибоедова_8612_С;Сургут
38131;Ангарск 96-й Квартал_3813_С;Ангарск
59161;Соликамск 20-летия Победы_5916_С;Соликамск
78441;Санкт-Петербург Железноводская_7844_С;Санкт-Петербург
27101;Комсомольск-на-Амуре Кирова_2710_С;Комсомольск-на-Амуре
71121;Тула Кирова_7112_С;Тула
03041;Улан-Удэ Ключевская_0304_С;Улан-Удэ
58111;Пенза Победы_5811_С;Пенза
52281;Муром Московская_5228_С;Муром
40071;Обнинск Курчатова_4007_С;Обнинск
31081;Старый Оскол Северный_3108_С;Старый Оскол
78451;Санкт-Петербург Гаккелевская_7845_С;Санкт-Петербург
63271;Тольятти Степана Разина_6327_С;Тольятти
97621;Москва Варшавское_9762_С;Москва
23271;Краснодар Кожевенная_2327_С;Краснодар
78471;Санкт-Петербург Богатырский_7847_С;Санкт-Петербург
50351;Одинцово Можайское_5035_С;Одинцово
50381;Реутов Носовихинское_5038_С;Реутов
97651;Москва Маршала Василевского_9765_С;Москва
51041;Мурманск Ленина_5104_С;Мурманск
34171;Волгоград Маршала Еременко_3417_С;Волгоград
34181;Волгоград Маршала Жукова_3418_С;Волгоград
3508;Вологда Сергея Преминина_3508_С;Вологда
11101;Сыктывкар Ленина_1110_С;Сыктывкар
78481;Санкт-Петербург Савушкина_7848_С;Санкт-Петербург
55091;Омск Новокирпичная_5509_С;Омск
97691;Москва Минская_9769_С;Москва
50391;Подольск Юбилейная_5039_С;Подольск
50401;Щербинка 40 лет Октября_5040_С;Щербинка
71141;Тула Пирогова_7114_С;Тула
97701;Москва Панфёрова_9770_С;Москва
36151;Воронеж Революции_3615_С;Воронеж
66731;Екатеринбург Родонитовая_6673_С;Екатеринбург
74421;Челябинск Победы_7442_С;Челябинск
43051;Кирово-Чепецк Энгельса_4305_С;Кирово-Чепецк
70081;Томск Комсомольский_7008_С;Томск
63331;Тольятти Олимпийская_6333_С;Тольятти
63341;Тольятти Громовой_6334_С;Тольятти
53021;Великий Новгород Кочетова_5302_С;Великий Новгород
120411;Волжск Ленина_1204_С;Волжск
78511;Санкт-Петербург Комсомола_7851_С;Санкт-Петербург
56131;Бугуруслан Ленинградская_5613_С;Бугуруслан
34201;Волгоград Туркменская_3420_С;Волгоград
26091;Нальчик Темрюка Идарова_2609_С;Нальчик
86131;Ханты-Мансийск Ленина_8613_С;Ханты-Мансийск
86141;Нижневартовск Интернациональная_8614_С;Нижневартовск
66751;Екатеринбург Краснолесья_6675_С;Екатеринбург
15031;Владикавказ Ленина_1503_С;Владикавказ
26111;Махачкала А.Акушинского_2611_С;Махачкала
24221;Красноярск Весны_2422_С;Красноярск
30081;Астрахань Савушкина_3008_С;Астрахань
23301;Ейск Мира_2330_С;Ейск
59181;Пермь Екатерининская_5918_С;Пермь
03051;Улан-Удэ Борсоева_0305_С;Улан-Удэ
31091;Белгород Королева_3109_С;Белгород
38141;Усть-Илимск Дружбы Народов_3814_С;Усть-Илимск
78521;Санкт-Петербург Новочеркасский_7852_С;Санкт-Петербург
86151;Лянтор Салавата Юлаева_8615_С;Лянтор
86161;Нефтеюганск 6-й мкрорайон_8616_С;Нефтеюганск
21051;Чебоксары Мира_2105_С;Чебоксары
52291;Нижний Новгород Гагарина_5229_С;Нижний Новгород
50431;Балашиха Пролетарская_5043_С;Балашиха
11112;Инта Мира_1111_С;Инта
50421;Лобня Маяковского_5042_С;Лобня
63391;Самара Партизанская_6339_С;Самара
40091;Малоярославец Калужская_4009_С;Малоярославец
66741;Екатеринбург Агрономическая_6674_С;Екатеринбург
61191;Ростов-на-Дону Еременко_6119_С;Ростов-на-Дону
25091;Владивосток Гоголя_2509_С;Владивосток
54341;Новосибирск Карла Маркса_5434_С;Новосибирск
50441;Балашиха Советская_5044_С;Балашиха
97801;Москва Селигерская_9780_С;Москва
73061;Ульяновск Хрустальная_7306_С;Ульяновск
52301;Нижний Новгород Рождественская_5230_С;Нижний Новгород
89051;Губкинский 12-й микрорайон_8905_С;Губкинский
54331;Новосибирск Дзержинского_5433_С;Новосибирск
97861;Москва Тушинская_9786_С;Москва
97871;Москва Миклухо-Маклая_9787_С;Москва
68091;Жердевка Советская_6809_С;Жердевка
200211;Грозный Путина_2002_С;Грозный
26121;Буденновск Ленинская_2612_С;Буденновск
97891;Москва Черняховского_9789_С;Москва
74431;Златоуст 40-летия Победы_7443_С;Златоуст
64291;Балаково Комсомольская_6429_С;Балаково
22171;Рубцовск Победы_2217_С;Рубцовск
26131;Невинномысск Калинина_2613_С;Невинномысск
61181;Азов Московская_6118_С;Азов
60041;Великие Луки Ботвина_6004_С;Великие Луки
97841;Москва Хромова_9784_С;Москва
38191;Иркутск Дальневосточная_3819_С;Иркутск
25121;Артем Фрунзе_2512_С;Артем
97941;Москва Шокальского_9794_С;Москва
97951;Москва Перерва_9795_С;Москва
97931;Москва Профсоюзная_9793_С;Москва
23331;Краснодар Северная_2333_С;Краснодар
26141;Изобильный Доватора_2614_С;Изобильный
18111;Ижевск Автозаводская_1811_С;Ижевск
58121;Пенза Антонова_5812_С;Пенза
55111;Омск Пушкина_5511_С;Омск
02321;Уфа Юрия Гагарина_0232_С;Уфа
33061;Александров Красный_3306_С;Александров
010;Москва Терминал Химки;Москва
78581;Санкт-Петербург Индустриальный_7858_С;Санкт-Петербург
23351;Сочи (Адлер) Ленина_2335_С;Сочи
50481;Долгопрудный Пацаева_5048_С;Долгопрудный
61201;Ростов-на-Дону Стачки_6120_С;Ростов-на-Дону
61221;Новошахтинск Ленина_6122_С;Новошахтинск
50471;Реутов Ленина_5047_С;Реутов
50501;Подольск Тепличная_5050_С;Подольск
36181;Воронеж 60 Армии_3618_С;Воронеж
23361;Лабинск Советская_2336_С;Лабинск
82081;Севастополь Генерала Острякова_8208_С;Севастополь
99101;Москва Бескудниковский_9910_С;Москва
23341;Краснодар Таманская_2334_С;Краснодар
64301;Саратов Горького_6430_С;Саратов
76081;Ярославль Чайковского_7608_С;Ярославль
55131;Омск 20 Партсъезда_5513_С;Омск
71211;Новомосковск Московская_7121_С;Новомосковск
43071;Киров Пятницкая_4307_С;Киров
65041;Южно-Сахалинск Ленина_6504_С;Южно-Сахалинск
76091;Ярославль Фрунзе_7609_С;Ярославль
45071;Курган Куйбышева_4507_С;Курган
99141;Москва Марксистская_9914_С;Москва
78611;Пушкин Московская_7861_С;Пушкин
78621;Санкт-Петербург Федора Абрамова_7862_С;Санкт-Петербург
64311;Саратов Строителей_6431_С;Саратов
24251;Красноярск Металлургов_2425_С;Красноярск
50541;Ногинск Комсомольская_5054_С;Ногинск
99181;Орехово-Зуево Ленина_9918_С;Орехово-Зуево
99241;Москва Рублевское_9924_С;Москва
50561;Троицк микрорайон В_5056_С;Троицк
50581;Электросталь Ленина_5058_С;Электросталь
37061;Иваново Строителей_3706_С;Иваново
50601;Видное Советский_5060_С;Видное
30091;Астрахань Минусинская_3009_С;Астрахань
99191;Ступино Победы_9919_С;Ступино
99251;Москва Борисовские Пруды_9925_С;Москва
72181;Тюмень Первомайская_7218_С;Тюмень
72191;Тюмень Республики_7219_С;Тюмень
64321;Вольск 10-летия Октября_6432_С;Вольск
45081;Курган Коли Мяготина_4508_С;Курган
99261;Москва Настасьинский_9926_С;Москва
32071;Брянск Красноармейская_3207_С;Брянск
99271;Москва Звездный_9927_С;Москва
16291;Набережные Челны Низаметдинова_1629_С;Набережные Челны
66831;Екатеринбург Посадская_6683_С;Екатеринбург
23411;Новороссийск Ленина_2341_С;Новороссийск
78701;Санкт-Петербург Бухарестская_7870_С;Санкт-Петербург
78711;Санкт-Петербург Новочеркасский_7871_С;Санкт-Петербург
02341;Стерлитамак Шафиева_0234_С;Стерлитамак
23421;Сочи Дивноморская_2342_С;Сочи
50641;Дмитров Космонавтов_5064_С;Дмитров
66851;Екатеринбург 8 Марта_6685_С;Екатеринбург
28041;Белогорск Партизанская_2804_С;Белогорск
48101;Липецк Заводская_4810_С;Липецк
11;Ярославль Ленина_7601;Ярославль
180;Хабаровск Тихоокеанская_2701;Хабаровск
112;Тверь Базановой_6901;Тверь
250;Санкт-Петербург Благодатная_7801;Санкт-Петербург
19;Калуга Никитина_4001;Калуга
190;Красноярск Шахтеров_2401;Красноярск
116;Тула Демонстрации_7101;Тула
18;Рязань Радищева_6201;Рязань
90;Владивосток Выселковая_2501;Владивосток
73;Курск Сумская_4601;Курск
152;Йошкар-Ола 70-летия Вооруженных Сил СССР_1201;Йошкар-Ола
12;Сыктывкар Покровский_1101;Сыктывкар
9;Нижневартовск Ленина_8603;Нижневартовск
205;Смоленск Нормандия-Неман_6701;Смоленск
207;Киров Ленина_4301;Киров
120;Пятигорск Адмиральского_2602;Пятигорск
60;Омск Кучерявенко_5501;Омск
143;Братск Пионерская_3802;Братск
215;Саранск Васенко_1301;Саранск
153;Чебоксары Ленина_2101;Чебоксары
151;Владимир Мира_3301;Владимир
160;Тюмень Комсомольская_7201;Тюмень
41;Новороссийск Чайковского_2302;Новороссийск
14;Иркутск Некрасова_3801;Иркутск
141;Улан-Удэ Павлова_0301;Улан-Удэ
231;Оренбург Терминал;Оренбург
3;Нижний Тагил Строителей_6606;Нижний Тагил
204;Архангельск Воскресенская_2901;Архангельск
108;Новоуральск Комсомольская_6608;Новоуральск
220;Казань Хади Такташ_1601;Казань
222;Альметьевск Маяковского_1603;Альметьевск
230;Уфа Индустриальное_0201;Уфа
201;Астрахань Коммунистическая_3001;Астрахань
202;Мурманск Карла Маркса_5101;Мурманск
240;Волгоград Островского_3401;Волгоград
82;Барнаул Короленко_2201;Барнаул
20;Челябинск Воровского_7401;Челябинск
4;Курган Карельцева_4501;Курган
22;Миасс Макеева_7403;Миасс
21;Магнитогорск Труда_7402;Магнитогорск
51;Таганрог Кузнечная_6103;Таганрог
142;Чита Новобульварная_7501;Чита
80;Кемерово Свободы_4201;Кемерово
81;Новокузнецк Бардина_4202;Новокузнецк
15;Череповец Победы_3502;Череповец
211;Орел 1-я Посадская_5701;Орел
111;Иваново Шереметевский _3701;Иваново
184;Петропавловск-Камчатский Пограничная_4101;Петропавловск-Камчатский
183;Южно-Сахалинск Амурская_6501;Южно-Сахалинск
121;Ставрополь Шпаковская_2601;Ставрополь
31;Березники Пятилетки_5902;Березники
109;Кострома Советская_4401;Кострома
212;Брянск Фрунзе_3201;Брянск
40;Краснодар Зиповская_2301;Краснодар
150;Нижний Новгород Артельная_5201;Нижний Новгород
101;Каменск-Уральский Суворова_6609;Каменск-Уральский
232;Салават Ленина_0202;Салават
39;Вологда Козленская_3501;Вологда
203;Петрозаводск Мерецкова_1001;Петрозаводск
113;Великий Новгород Полевой_5301;Великий Новгород
5;Томск Советская_7001;Томск
200;Самара 3-й проезд_6301;Самара
50;Ростов-на-Дону Каширская_6101;Ростов-на-Дону
182;Благовещенск Амурская_2801;Благовещенск
181;Комсомольск-на-Амуре Интернациональный_2702;Комсомольск-на-Амуре
170;Новосибирск Кирова_5401;Новосибирск
8;Сургут Энергетиков_8602;Сургут
209;Ульяновск Бебеля_7301;Ульяновск
30;Пермь Гагарина_5901;Пермь
214;Тольятти Ленина_6302;Тольятти
104;Ханты-Мансийск Чехова_8601;Ханты-Мансийск
72;Белгород Харьковский_3101;Белгород
191;Абакан Ленинского Комсомола_1901;Абакан
1003;Екатеринбург Мамина-Сибиряка_6602;Екатеринбург
32;Ижевск Карла Маркса_1801;Ижевск
145;Сызрань Разина_6303;Сызрань
241;Элиста Республиканская_0801;Элиста
04796;Челябинск Терминал;Челябинск
1002;Екатеринбург(терминал) на Сибирском тракте;Екатеринбург
10.004;Москва Измайловский_7731_С;Москва
10.003;Москва Братиславская_7728_С;Москва
10.006;Москва Большая Семеновская_7733_С;Москва
10.002;Москва 4-ая Тверская-Ямская_7711_С;Москва
1013;Щелково Комсомольская_5004_С;Щелково
61531;Сальск Кирова_6153_С;Сальск
27411;Комсомольск-на-Амуре Магистральное_2741_С;Комсомольск-на-Амуре
31221;Старый Оскол Дубрава квартал 3_3122_С;Старый Оскол
31231;Белгород Юности_3123_С;Белгород
61501;Ростов-на-Дону Петренко_6150_С;Ростов-на-Дону
79936;Мытищи Юбилейная_79936_С;Мытищи
42871;Мариинск Коммунистическая_4287_С;Мариинск
22641;Славгород Карла Маркса_2264_С;Славгород
79932;Москва Санникова_79932_С;Москва
48281;Липецк Победы_4828_С;Липецк
30221;Астрахань Николая Островского_3022_С;Астрахань
64361;Саратов Усть-Курдюмская_6436_С;Саратов
93151;Краснодар Тургенева_9315_С;Краснодар
93201;Краснодар Писателя Знаменского_9320_С;Краснодар
82251;Ялта Московская_8225_С;Ялта
70311;Северск Первомайская_7031_С;Северск
44111;Кострома Магистральная_4411_С;Кострома
64731;Саратов Беговая_6473_С;Саратов
42891;Новокузнецк Бардина_4289_С;Новокузнецк
42881;Новокузнецк Транспортная_4288_С;Новокузнецк
70321;Северск Коммунистический_7032_С;Северск
22681;Алейск Комсомольская_2268_С;Алейск
03141;Улан-Удэ Гагарина_0314_С;Улан-Удэ
46161;Курчатов Коммунистический_4616_С;Курчатов
79933;Москва Производственная_79933_С;Москва
93221;Краснодар Репина_9322_С;Краснодар
79934;Москва Сельскохозяйственная_79934_С;Москва
03131;Улан-Удэ Корабельная_0313_С;Улан-Удэ
26501;Ставрополь Мира_2650_С;Ставрополь
16981;Нижнекамск Вахитова_1698_С;Нижнекамск
93191;Горячий Ключ Черняховского_9319_С;Горячий Ключ
79937;Москва Свободный_79937_С;Москва
11603;Набережные Челны Мусы Джалиля_11603_С;Набережные Челны
18361;Ижевск Труда_1836_С;Ижевск
11605;Казань Карла Маркса_11605_С;Казань
11604;Набережные Челны Набережночелнинский_11604_С;Набережные Челны
40281;Калуга Дзержинского_4028_С;Калуга
64741;Балашов Пугачевская_6474_С;Балашов
72461;Тюмень Широтная_7246_С;Тюмень
69241;Кимры Кирова_6924_С;Кимры
64761;Саратов Усть-Курдюмская_6476_С;Саратов
79911;Москва Ярославская_79911_С;Москва
79948;Москва Шарикоподшипниковская_79948_С;Москва
16991;Лениногорск Ленинградская_1699_С;Лениногорск
69231;Тверь Дарвина_6923_С;Тверь
61601;Ростов-на-Дону Суворова_6160_С;Ростов-на-Дону
98911;Санкт-Петербург Лыжный_9891_С;Санкт-Петербург
98921;Санкт-Петербург Капитана Воронина_9892_С;Санкт-Петербург
98951;Санкт-Петербург Королева_9895_С;Санкт-Петербург
93131;Тихорецк Ачкасова_9313_С;Тихорецк
26491;Грозный Лермонтова_2649_С;Грозный
93161;Усть-Лабинск Ободовского_9316_С;Усть-Лабинск
98931;Кудрово Столичная_9893_С;Кудрово
98941;Ломоносов Ораниенбаумский_9894_С;Ломоносов
24621;Красноярск Чернышевского_2462_С;Красноярск
38501;Иркутск Марии Ульяновой_3850_С;Иркутск
93251;Краснодар Российская_9325_С;Краснодар
93181;Новороссийск Пархоменко_9318_С;Новороссийск
55311;Омск Энтузиастов_5531_С;Омск
52691;Нижний Новгород Первоцветная_5269_С;Нижний Новгород
93211;Армавир Шаумяна_9321_С;Армавир
67091;Десногорск 1 микрорайон_6709_С;Десногорск
26531;Ставрополь К.Маркса_2653_С;Ставрополь
59101;Пермь Попова_5910_С;Пермь
79944;Москва Победы_79944_С;Москва
79946;Москва Тетеринский_79946_С;Москва
02851;Нефтекамск Комсомольский_0285_С;Нефтекамск
79941;Москва Ленинский_79941_С;Москва
79945;Москва Гостиничный_79945_С;Москва
36491;Воронеж Ленинский_3649_С;Воронеж
79947;Москва Луганская_79947_С;Москва
63951;Тольятти Фрунзе_6395_С;Тольятти
12181;Йошкар-Ола Строителей_1218_С;Йошкар-Ола
93231;Армавир Советской Армии_9323_С;Армавир
36481;Воронеж Плехановская_3648_С;Воронеж
41111;Петропавловск-Камчатский 50 лет Октября_4111_С;Петропавловск-Камчатский
68201;Рассказово 8 Марта_6820_С;Рассказово
02881;Уфа Ахметова_0288_С;Уфа
96551;Екатеринбург Токарей_9655_С;Екатеринбург
26551;Михайловск Ленина_2655_С;Михайловск
19091;Абакан Кати Перекрещенко_1909_С;Абакан
72481;Тюмень Пермякова_7248_С;Тюмень
79953;Москва Краснобогатырская_79953_С;Москва
17802;Санкт-Петербург Скобелевский_17802_С;Санкт-Петербург
79951;Москва Дмитриевского_79951_С;Москва
98981;Санкт-Петербург Гражданский_9898_С;Санкт-Петербург
93261;Краснодар Кубанская Набережная_9326_С;Краснодар
79958;Москва Грина_79958_С;Москва
42911;Прокопьевск Планерная_4291_С;Прокопьевск
52711;Нижний Новгород Максима Горького_5271_С;Нижний Новгород
79959;Москва Волгоградский_79959_С;Москва
42921;Новокузнецк Тореза_4292_С;Новокузнецк
52701;Дзержинск Урицкого_5270_С;Дзержинск
93171;Славянск-на-Кубани Проточная_9317_С;Славянск-на-Кубани
08071;Элиста Ленина_0807_С;Элиста
96451;Екатеринбург Лучистая_9645_С;Екатеринбург
98971;Санкт-Петербург Ярослава Гашека_9897_С;Санкт-Петербург
98961;Санкт-Петербург Невский_9896_С;Санкт-Петербург
98991;Санкт-Петербург Белы Куна_9899_С;Санкт-Петербург
38491;Хомутово Колхозная_3849_С;Хомутово
17801;Санкт-Петербург Стачек_17801_С;Санкт-Петербург
79957;Свердловский Заречная_79957_С;Свердловский
55321;Омск Мира_5532_С;Омск
17804;Санкт-Петербург Адмирала Трибуца_17804_С;Санкт-Петербург
42931;Новокузнецк Рокоссовского_4293_С;Новокузнецк
71561;Серпухов Московское_7156_С;Серпухов
71551;Тула Октябрьская_7155_С;Тула
17806;Шлиссельбург Малоневский_17806_С;Шлиссельбург
27431;Биробиджан Биршоссе 2 км_2743_С;Биробиджан
11608;Набережные Челны Московский_11608_С;Набережные Челны
17805;Бокситогорск Павлова_17805_С;Бокситогорск
22731;Бийск Михаила Кутузова_2273_С;Бийск
96511;Екатеринбург Ручейная_9651_С;Екатеринбург
96531;Екатеринбург Белинского_9653_С;Екатеринбург
22721;Барнаул Георгиева_2272_С;Барнаул
17410;Челябинск Ленина_17410_С;Челябинск
21191;Канаш 30 лет Чувашии_2119_С;Канаш
61541;Таганрог Чехова_6154_С;Таганрог
24681;Красноярск Свободный_2468_С;Красноярск
22701;Барнаул Гоголя_2270_С;Барнаул
22711;Барнаул Ленина_2271_С;Барнаул
11211;Сыктывкар Морозова_1121_С;Сыктывкар
70331;Асино Советская_7033_С;Асино
14151;Якутск Лермонтова_1415_С;Якутск
17807;Санкт-Петербург Московский_17807_С;Санкт-Петербург
53131;Великий Новгород Псковская_5313_С;Великий Новгород
79952;Дмитров Константина Аверьянова_79952_С;Дмитров
79962;Москва Пироговская_79962_С;Москва
76311;Ярославль Большая Федоровская_7631_С;Ярославль
11231;Сыктывкар Коммунистическая_1123_С;Сыктывкар
79966;Москва Земляной Вал_79966_С;Москва
38531;Иркутск Лопатина_3853_С;Иркутск
79943;Лосино-Петровский Октябрьская_79943_С;Лосино-Петровский
69251;Осташков Володарского_6925_С;Осташков
17409;Миасс Автозаводцев_17409_С;Миасс
24641;Красноярск Маерчака_2464_С;Красноярск
24701;Красноярск Весны_2470_С;Красноярск
24711;Красноярск Академика Вавилова_2471_С;Красноярск
24671;Красноярск Аэровокзальная_2467_С;Красноярск
54661;Новосибирск Ядринцевская_5466_С;Новосибирск
59511;Пермь Первомайская_5951_С;Пермь
36461;Воронеж Владимира Невского_3646_С;Воронеж
64791;Приволжский Гагарина_6479_С;Приволжский
71571;Новомосковск Комсомольская_7157_С;Новомосковск
79942;Москва Комсомольский_79942_С;Москва
02901;Стерлитамак Ленина_0290_С;Стерлитамак
41121;Петропавловск-Камчатский 50 лет Октября_4112_С;Петропавловск-Камчатский
79950;Красноармейск Северный_79950_С;Красноармейск
36521;Воронеж Театральная_3652_С;Воронеж
63971;Сызрань 50 лет Октября_6397_С;Сызрань
64801;Саратов Астраханская_6480_С;Саратов
17407;Магнитогорск Калмыкова_17407_С;Магнитогорск
93281;Новороссийск Анапское_9328_С;Новороссийск
76341;Ярославль Матросова_7634_С;Ярославль
37251;Иваново Суворова_3725_С;Иваново
27461;Хабаровск Ленинградская_2746_С;Хабаровск
96501;Артемовский Молодежи_9650_С;Артемовский
17413;Челябинск Марченко_17413_С;Челябинск
34491;Волгоград Баррикадная_3449_С;Волгоград
93271;Краснодар Восточно-Кругликовская_9327_С;Краснодар
18371;Сарапул Азина_1837_С;Сарапул
36501;Воронеж Владимира Невского_3650_С;Воронеж
79975;Чехов Первомайская_79975_С;Чехов
24751;Красноярск Чернышевского_2475_С;Красноярск
59531;Пермь Комсомольский_5953_С;Пермь
11610;Казань Ибрагимова_11610_С;Казань
02911;Стерлитамак Худайбердина_0291_С;Стерлитамак
82271;Севастополь Героев Сталинграда_8227_С;Севастополь
26561;Ставрополь Ленина_2656_С;Ставрополь
25321;Уссурийск Сергея Ушакова_2532_С;Уссурийск
79965;Москва Венёвская_79965_С;Москва
27441;Биробиджан Ленина_2744_С;Биробиджан
76331;Ярославль Пирогова_7633_С;Ярославль
06031;Назрань Муталиева_0603_С;Назрань
17808;Гатчина Соборная_17808_С;Гатчина
63991;Самара Демократическая_6399_С;Самара
40301;Калуга Плеханова_4030_С;Калуга
38521;Братск Цветочная_3852_С;Братск
70371;Томск Герасименко_7037_С;Томск
79955;Москва Смольная_79955_С;Москва
96601;Екатеринбург Сурикова_9660_С;Екатеринбург
79976;Жуковский Дугина_79976_С;Жуковский
24761;Красноярск Алексеева_2476;Красноярск
79967;Старая Купавна Школьный_79967_С;Старая Купавна
79981;Москва Летниковская_79981_С;Москва
36531;Воронеж Кольцовская_3653_С;Воронеж
79954;Черноголовка Школьный_79954_С;Черноголовка
79973;Зеленоград Крюковская_79973_С;Зеленоград
79972;Шатура Ильича_79972_С;Шатура
79979;Волоколамск Школьная_79979_С;Волоколамск
79961;Павловский Посад Свердлова_79961_С;Павловский Посад
79971;Красногорск Жуковского_79971_С;Красногорск
59231;Пермь Мильчакова_5923_С;Пермь
43221;Киров Краснополянская_4322_С;Киров
36511;Воронеж Героев Сибиряков_3651_С;Воронеж
02951;Октябрьский Чапаева_0295_С;Октябрьский
17809;Санкт-Петербург 2-й Рабфаковский_17809_С;Санкт-Петербург
57141;Орел Комсомольская_5714_С;Орел
23841;Краснодар Уральская_2384_С;Краснодар
17415;Копейск Ильича_17415_С;Копейск
59541;Пермь Космонавта Леонова_5954_С;Пермь
43231;Киров Маклина_4323_С;Киров
16305;Сызрань Фридриха Энгельса_16305_С;Сызрань
34511;Волжский Ленина_3451_С;Волжский
34521;Волгоград Героев Сталинграда_3452_С;Волгоград
11611;Зеленодольск Татарстан_11611_С;Зеленодольск
17810;Ивангород Кингисеппское_17810_С;Ивангород
67171;Смоленск Фрунзе_6717_С;Смоленск
67181;Смоленск Николаева_6718_С;Смоленск
38571;Иркутск Муравьева_3857_С;Иркутск
52731;Нижний Новгород Родионова_5273_С;Нижний Новгород
16304;Сызрань Чапаева_16304_С;Сызрань
79978;Лобня Лобненский Бульвар_79978_С;Лобня
96631;Екатеринбург Билимбаевская_9663_С;Екатеринбург
30241;Астрахань Богдана Хмельницкого_3024_С;Астрахань
63981;Самара Отважная_6398_С;Самара
16303;Самара Губанова_16303_С;Самара
17811;Санкт-Петербург Художников_17811_С;Санкт-Петербург
17812;Санкт-Петербург Коломенская_17812_С;Санкт-Петербург
96591;Екатеринбург Ленина_9659_С;Екатеринбург
34501;Волгоград Комсомольская_3450_С;Волгоград
36541;Воронеж 45 Стрелковой Дивизии_3654_С;Воронеж
96621;Екатеринбург Репина_9662_С;Екатеринбург
16301;Самара Победы_16301_С;Самара
27421;Комсомольск-на-Амуре Осоавиахима_2742_С;Комсомольск-на-Амуре
38581;Иркутск Розы Люксембург_3858_С;Иркутск
11612;Казань Качалова_11612_С;Казань
26601;Ставрополь Чехова_2660_С;Ставрополь
79980;Москва Золоторожский Вал_79980_С;Москва
38601;Усолье-Сибирское Космонавтов_3860_С;Усолье-Сибирское
58451;Пенза Компрессорная_5845_С;Пенза
96491;Верхняя Салда Районная_9649_С;Верхняя Салда
86481;Радужный 1-й мкр_8648_С;Радужный
79989;Москва Вертолетчиков_79989_С;Москва
27471;Хабаровск Тихоокеанская_2747_С;Хабаровск
54681;Новосибирск Балтийская_5468_С;Новосибирск
79987;Путилково Новотушинская_79987_С;Путилково
17813;Санкт-Петербург Аннинское_17813_С;Санкт-Петербург
17416;Челябинск Молодогвардейцев_17416_С;Челябинск
82281;Севастополь Гоголя_8228_С;Севастополь
65131;Южно-Сахалинск Ленина_6513_С;Южно-Сахалинск
17414;Челябинск Труда_17414_С;Челябинск
17815;Санкт-Петербург Софийская_17815_С;Санкт-Петербург
59551;Пермь Уинская_5955_С;Пермь
79992;Москва Южнобутовская_79992_С;Москва
25331;Владивосток Нижнепортовая_2533_С;Владивосток
58471;Пенза Ново-Казанская_5847_С;Пенза
25341;Владивосток Пологая_2534_С;Владивосток
21221;Новочебоксарск 10-й пятилетки_2122_С;Новочебоксарск
61611;Ростов-на-Дону 40-летия Победы_6161_С;Ростов-на-Дону
35291;Вологда Ярославская_3529_С;Вологда
64831;Саратов Жуковского_6483_С;Саратов
76371;Ярославль Кооперативная_7637_С;Ярославль
38511;Ангарск 72-й Квартал_3851_С;Ангарск
38591;Шелехов 1-й микрорайон_3859_С;Шелехов
61551;Егорлыкская Ворошилова_6155_С;Егорлыкская
61571;Песчанокопское Пионерский_6157_С;Песчанокопское
79970;Москва Знаменка_79970_С;Москва
55331;Омск Комарова_5533_С;Омск
17817;Санкт-Петербург Васи Алексеева_17817_C;Санкт-Петербург
17819;Санкт-Петербург Ильюшина_17819_С;Санкт-Петербург
17818;Санкт-Петербург Чернышевского_17818_С;Санкт-Петербург
79988;Москва Ташкентская_79988_С;Москва
29231;Плесецк Уборевича_2923_С;Плесецк
21211;Чебоксары Б. Хмельницкого_2121_С;Чебоксары
79985;Москва Каширское_79985_С;Москва
79991;Долгопрудный Московская_79991_С;Долгопрудный
64891;Балаково Трнавская_6489_С;Балаково
64871;Энгельс Трудовая_6487_С;Энгельс
79984;Королев Карла Маркса_79984_С;Королев
50551;Одинцово Советская_5055_С;Одинцово
72491;Тобольск 9 микрорайон_7249_С;Тобольск
43211;Киров Розы Люксембург_4321_С;Киров
62611;Ростов-на-Дону Братский_6162_С;Ростов-на-Дону
46171;Курчатов Садовая_4617_С;Курчатов
16306;Сызрань 50 лет Октября_16306_С;Сызрань
64881;Ртищево 60 лет Октября_6488_С;Ртищево
32161;Брянск Ульянова_3216_С;Брянск
56371;Оренбург Терешковой_5637_С;Оренбург
25371;Владивосток Луговая_2537_С;Владивосток
55341;Омск 21 Амурская_5534_С;Омск
25351;Владивосток Черемуховая_2535_С;Владивосток
16302;Самара Мориса Тореза_16302_С;Самара
54701;Новосибирск Гусинобродское шоссе_5470_С;Новосибирск
56381;Оренбург Терешковой_5638_С;Оренбург
10121;Петрозаводск Лососинское_1012_С;Петрозаводск
54691;Новосибирск Богдана Хмельницкого_5469_С;Новосибирск
16309;Самара Дачная_16309_С;Самара
40311;Калуга Теренинский_4031_С;Калуга
27481;Хабаровск Воровского_2748_С;Хабаровск
96641;Новоуральск Мичурина_9664_С;Новоуральск
93311;Тимашевск Братская_9331_С;Тимашевск
1631;Сызрань 50 лет Октября_16311_С;Сызрань
13141;Саранск Пролетарская_1314_С;Саранск
96671;Каменск-Уральский Лермонтова_9667_С;Каменск-Уральский
54671;Новосибирск Инженерная_5467_С;Новосибирск
71621;Тула Николая Руднева_7162_С;Тула
36551;Воронеж Остужева_3655_С;Воронеж
13131;Саранск Богдана Хмельницкого_1313_С;Саранск
17820;Санкт-Петербург Сестрорецкая_17820_С;Санкт-Петербург
17824;Санкт-Петербург Богатырский_17824_С;Санкт-Петербург
17825;Санкт-Петербург Люботинский_17825_С;Санкт-Петербург
17822;Санкт-Петербург 4-й Верхний переулок_17822_С;Санкт-Петербург
79993;Москва Свободный_79993_С;Москва
79996;Москва Первомайская_79996_С;Москва
26541;Железноводск Энгельса_2654_С;Железноводск
26591;Кисловодск Вокзальная_2659_С;Кисловодск
93301;Керчь Маршала Еременко_9330_С;Керчь
86501;Сургут Комсомольский_8650_С;Сургут
86491;Сургут Ленина_8649_С;Сургут
58461;Пенза Луначарского_5846_С;Пенза
34531;Волгоград имени Николая Отрады_3453_С;Волгоград
55351;Омск Космический_5535_С;Омск
17412;Челябинск Комарова_17412_С;Челябинск
17717;Москва Каширское шоссе_17717_С;Москва
17705;Жуковка СП Барвиха_17705_С;Жуковка
26571;Минеральные Воды Карла Либкнехта_2657_С;Минеральные Воды
26581;Пятигорск 295 Стрелковой Дивизии_2658_С;Пятигорск
17417;Челябинск Каслинская_17417_С;Челябинск
55361;Омск Дианова_5536_С;Омск
17716;Москва Остоженка_17716_С;Москва
17703;Мытищи Колонцова_17703_С;Мытищи
17711;Котельники Новорязанское_17711_С;Котельники
17712;Москва Народного Ополчения_17712_С;Москва
86441;Нижневартовск Интернациональная_8644_С;Нижневартовск
17710;Москва Большая Тульская_17710_С;Москва
64901;Саратов Чернышевского_6490_С;Саратов
71601;Кимовск Бессолова_7160_С;Кимовск
96661;Нижний Тагил Циолковского_9666_С;Нижний Тагил
11614;Казань Калинина_11614_С;Казань
17827;Санкт-Петербург Уточкина_17827_С;Санкт-Петербург
58481;Пенза Урицкого_5848_С;Пенза
17418;Челябинск Сталеваров_17418_С;Челябинск
33181;Владимир Перекопский_3318_С;Владимир
54711;Новосибирск Челюскинцев_5471_С;Новосибирск
29261;Северодвинск Ломоносова_2926_С;Северодвинск
96651;Кушва Коммуны_9665_С;Кушва
17721;Красногорск Успенская_17721_С;Красногорск
79990;Мытищи Мира_79990_С;Мытищи
29241;Архангельск Урицкого_2924_С;Архангельск
17722;Москва Таганрогская_17722_С;Москва
30261;Северодвинск Архангельское шоссе_3026_С;Северодвинск
17706;Реутов 2 км МКАД_17706_С;Реутов
52741;Нижний Новгород имени Маршала Рокоссовского_5274_С;Нижний Новгород
17709;Москва Братеевская_17709_С;Москва
96611;Екатеринбург Героев России_9661_С;Екатеринбург
76391;Ярославль 8 Марта_7639_С;Ярославль
17719;Москва Брусилова_17719_С;Москва
17707;Москва Ангелов_17707_С;Москва
17704;Москва Конюшковский_17704_С;Москва
17720;Москва Ленинградский проспект_17720_С;Москва
57161;Орел Металлургов_5716_С;Орел
30271;Астрахань Дзержинского_3027_С;Астрахань
17718;Москва Киевское шоссе _17718_С;Москва
11615;Казань Мулланура Вахитова_11615_С;Казань
27491;Комсомольск-на-Амуре Победы_2749_С;Комсомольск-на-Амуре
35301;Череповец Наседкина_3530_С;Череповец
10203;Уфа Свободы_10203_С;Уфа
44121;Кострома Профсоюзная_4412_С;Кострома
24781;Красноярск Судостроительная_2478_С;Красноярск
11616;Казань Юлиуса Фучика_11616_С;Казань
79999;Москва Рязанский_79999_С;Москва
13151;Саранск Советская_1315_С;Саранск
71611;Тула Ленина_7161_С;Тула
93291;Каневская Советская_9329_С;Каневская
64851;Норильск Бауманская_6485_С;Норильск
24791;Красноярск Семафорная_2479_С;Красноярск
02991;Октябрьский Свердлова_0299_С;Октябрьский
42951;Кемерово Терешковой_4295_С;Кемерово
42961;Ленинск-Кузнецкий Кирова_4296_С;Ленинск-Кузнецкий
61631;Сочи Авиационная_6163_С;Сочи
17708;Москва Главная_17708_С;Москва
71641;Тула Макаренко_7164_С;Тула
71651;Тула Красноармейский_7165_С;Тула
17723;Москва Михалковская_17723_С;Москва
54731;Новосибирск Красный_5473_С;Новосибирск
71661;Новомосковск Комсомольская_7166_С;Новомосковск
64821;Норильск Богдана Хмельницкого_6482_С;Норильск
36571;Нововоронеж Победы_3657_С;Нововоронеж
75181;Чита Горького_7518_С;Чита
54741;Новосибирск Дзержинского_5474_С;Новосибирск
24801;Красноярск Карамзина_2480_С;Красноярск
48301;Липецк Гагарина_4830_С;Липецк
24811;Красноярск Дмитрия Мартынова_2481_С;Красноярск
96691;Березовский Ленина_9669_С;Березовский
17734;Зеленоград Георгиевский_17734_С;Зеленоград
21231;Чебоксары Энтузиастов_2123_С;Чебоксары
21241;Чебоксары Декабристов_2124_С;Чебоксары
64911;Саратов Космонавтов_6491_С;Саратов
52751;Нижний Новгород Богдановича_5275_С;Нижний Новгород
51181;Североморск Сафонова_5118_С;Североморск
31251;Белгород Дзгоева_3125_С;Белгород
58491;Каменка Центральная_5849_C;Каменка
36581;Воронеж Победы_3658_С;Воронеж
24821;Красноярск Александра Матросова_2482_С;Красноярск
41131;Петропавловск-Камчатский Космический_4113_С;Петропавловск-Камчатский
17731;Москва 2-я Вольская_17731_С;Москва
17733;Москва Мичуринский_17733_С;Москва
86511;Нижневартовск Ханты-Мансийская_8651_С;Нижневартовск
52761;Нижний Новгород Даргомыжского_5276_С;Нижний Новгород
96581;Ирбит Промышленная_9658_С;Ирбит
26611;Каспийск Ленина_2661_С;Каспийск
17735;ВНИИССОК Михаила Кутузова_17735_С;ВНИИССОК
17727;Москва Одесская_17727_С;Москва
48311;Липецк Циолковского_4831_С;Липецк
24841;Красноярск Тельмана_2484_С;Красноярск
17729;Москва Измайловское шоссе_17729_С;Москва
17732;Москва Анадырский_17732_С;Москва
71671;Тула Михеева_7167_С;Тула
14171;Якутск Орджоникидзе_1417_С;Якутск
14181;Якутск Ярославского_1418_С;Якутск
31261;Белгород Николая Островского_3126_С;Белгород
17836;Санкт-Петербург Двинская_17836_С;Санкт-Петербург
17828;Санкт-Петербург Большевиков_17828_С;Санкт-Петербург
17829;Санкт-Петербург Федора Абрамова_17829_С;Санкт-Петербург
17830;Санкт-Петербург Таллинское_17830_С;Санкт-Петербург
17832;Санкт-Петербург Пушкинская_17832_С;Санкт-Петербург
17833;Санкт-Петербург Гражданский_17833_С;Санкт-Петербург
17421;Челябинск Комсомольский_17421_С;Челябинск
67201;Смоленск Королевка_6720_С;Смоленск
16308;Самара Ульяновская_16308_С;Самара
17730;Балашиха 1-я Железнодорожная_17730_С;Балашиха
17737;Москва Череповецкая_17737_С;Москва
10205;Уфа Бакалинская_10205_С;Уфа
36591;Воронеж Олимпийский_3659_С;Воронеж
17834;Кудрово Строителей_17834_С;Кудрово
17835;Шушары Первомайская_17835_С;Шушары
71631;Новомосковск Мира_7163_С;Новомосковск
35321;Вологда Зосимовская_3532_С;Вологда
17749;Москва Дмитрия Донского_17749_С;Москва
36601;Воронеж Ленинский_3660_С;Воронеж
36621;Борисоглебск Третьяковская_3662_С;Борисоглебск
10204;Уфа Октября_10204_С;Уфа
17725;Люберцы Урицкого_17725_С;Люберцы
16315;Самара Молодежная_16315_С;Самара
17726;Реутов Академика Челомея_17726_С;Реутов
56391;Ясный Ленина_5639_С;Ясный
17747;Москва Рязанский_17747_С;Москва
52771;Нижний Новгород Батумская_5277_С;Нижний Новгород
70431;Томск Ленина_7043_С;Томск
70421;Томск Учебная_7042_С;Томск
96701;Екатеринбург Серафимы Дерябиной_9670_С;Екатеринбург
17837;Санкт-Петербург Байконурская_17837_С;Санкт-Петербург
17736;Москва Тверская_17736_С;Москва
51191;Мурманск Володарского_5119_С;Мурманск
54771;Новосибирск Ветлужская_5477_С;Новосибирск
17743;Жуковский Маяковского_17743_С;Жуковский
28171;Благовещенск Игнатьевское_2817_С;Благовещенск
28161;Тында Красная Пресня_2816_С;Тында
17839;Санкт-Петербург Боровая_17839_С;Санкт-Петербург
17840;Санкт-Петербург Разъезжая_17840_С;Санкт-Петербург
17841;Санкт-Петербург Долгоозёрная_17841_С;Санкт-Петербург
17843;Шушары Окуловская_17843_С;Шушары
64941;Пугачев Максима Горького_6494_С;Пугачев
71681;Тула Демидовская_7168_С;Тула
17420;Челябинск Победы_17420_С;Челябинск
38611;Иркутск Красноказачья_3861_С;Иркутск
61641;Ростов-на-Дону 13-я линия_6164_С;Ростов-на-Дону
16312;Самара Гагарина_16312_С;Самара
17844;Санкт-Петербург Коммунаров_17844_С;Санкт-Петербург
89191;Ноябрьск Мира_8919_С;Ноябрьск
11620;Казань Победы_11620_С;Казань
11621;Казань Чуйкова_11621_С;Казань
93351;Краснодар Репина_9335_С;Краснодар
17744;Москва Первомайская_17744_С;Москва
17750;Щелково Финский_17750_С;Щелково
10206;Белебей Интернациональная_10206_С;Белебей
93401;Краснодар Краснофлотская (Оскар)_9340_С;Краснодар
27501;Хабаровск Волочаевская_2750_С;Хабаровск
16316;Самара Партизанская_16316_С;Самара
61651;Аксай Ленина_6165_С;Аксай
17845;Санкт-Петербург Энгельса_17845_С;Санкт-Петербург
17739;Москва Бутырская_17739_С;Москва
17748;Орехово-Зуево Бабушкина_17748_С;Орехово-Зуево
82301;Симферополь Севастопольская_8230_С;Симферополь
93341;Краснодар Красная_9334_С;Краснодар
82321;Ялта Дзержинского_8232_С;Ялта
9333;Краснодар Карякина_9333_С;Краснодар
71691;Косая Гора (Тула) Октябрьская_7169_С;Косая Гора
93321;Краснодар Красная_9332_С;Краснодар
11618;Нижнекамск Химиков_11618_С;Нижнекамск
17848;Выборг 40-летия ВЛКСМ_17848_С;Выборг
17846;Санкт-Петербург Партизана Германа_17846_С;Санкт-Петербург
17851;Санкт-Петербург Ефимова_17851_С;Санкт-Петербург
17853;Санкт-Петербург Каменноостровский_17853_С;Санкт-Петербург
17842;Санкт-Петербург Невский_17842_С;Санкт-Петербург
68221;Тамбов Сенько_6822_С;Тамбов
17847;Санкт-Петербург Наставников_17847_С;Санкт-Петербург
17742;Москва Беговая_17742_С;Москва
17854;Санкт-Петербург Малая Садовая_17854_С;Санкт-Петербург
93421;Краснодар Дальний_9342_С;Краснодар
10212;Уфа Октября _10212_С;Уфа
10209;Уфа Пархоменко_10209_С;Уфа
17755;Москва Веерная_17755_С;Москва
17761;Ступино Андропова_17761_С;Ступино
71701;Тула Металлургов_7170_С;Тула
17768;Москва Голубинская_17768_С;Москва
17758;Дубна Мира_17758_С;Дубна
36641;Воронеж Ломоносова_3664_С;Воронеж
36691;Семилуки Дзержинского_3669_С;Семилуки
64861;Саратов Техническая_6486_С;Саратов
59581;Пермь Парковый_5958_С;Пермь
36661;Воронеж Димитрова_3666_С;Воронеж
183.1;Южно-Сахалинск Терминал;Южно-Сахалинск
17756;Москва Молодогвардейская_17756_С;Москва
17765;Внуково Центральная_17765_С;Внуково
17740;Москва 6-я Радиальная_17740_С;Москва
17757;Реутов Носовихинское шоссе_17757_С;Реутов
17752;Видное Березовая_17752_С;Видное
71711;Тула Ленина_7171_С;Тула
22751;Барнаул Папанинцев_2275_С;Барнаул
93441;Краснодар Думенко_9344_С;Краснодар
68231;Тамбов Энтузиастов_6823_С;Тамбов
36651;Старый Оскол Солнечный_3665_С;Старый Оскол
11619;Набережные Челны Набережночелнинский_11619_С;Набережные Челны
61661;Ростов-на-Дону Космонавтов_6166_С;Ростов-на-Дону
17422;Магнитогорск Ленинградская_17422_С;Магнитогорск
17424;Челябинск Краснопольский_17424_С;Челябинск
61681;Шахты Победы Революции_6168_С;Шахты
55371;Омск 2 Линия_5537_С;Омск
17426;Челябинск Гагарина_17426_С;Челябинск
16314;Самара Карла Маркса_16314_С;Самара
36681;Воронеж 45 Стрелковой Дивизии_3668_С;Воронеж
93391;Краснодар Генерала И.Л. Шифрина_9339_С;Краснодар
93451;Краснодар Чекистов_9345_С;Краснодар
31241;Шебекино Московская_3124_С;Шебекино
56401;Соль-Илецк Персиянова_5640_С;Соль-Илецк
17754;Москва 1-я Владимирская_17754_С;Москва
17753;Раменское Космонавтов_17753_С;Раменское
48341;Липецк Артемова_4834_С;Липецк
42991;Кемерово Тухачевского_4299_С;Кемерово
43261;Киров Мостовицкая_4326_С;Киров
61671;Таганрог Пархоменко_6167_С;Таганрог
17855;Санкт-Петербург Туристская_17855_С;Санкт-Петербург
48321;Липецк 15-й микрорайон_4832_С;Липецк
17763;Москва Ярославское шоссе_17763_С;Москва
17776;Октябрьский Ленина_17776_С;Октябрьский
17779;Удельная Южный_17779_С;Удельная
17771;Королев 50-летия ВЛКСМ_17771_С;Королев
17759;Сергиев Посад Хотьковский_17759_С;Сергиев Посад
76401;Ярославль Московский_7640_С;Ярославль
32181;Брянск Московский_3218_С;Брянск
46181;Курск Анатолия Дериглазова_4618_С;Курск
27531;Хабаровск Ким Ю Чена_2753_С;Хабаровск
17751;Москва Щёлковское шоссе_17751_С;Москва
17774;Москва Новочеремушкинская_17774_С;Москва
17856;Санкт-Петербург 7-я линия_17856_С;Санкт-Петербург
17857;Мурино Авиаторов Балтики_17857_С;Мурино
17858;Санкт-Петербург Кузнецовская_17858_С;Санкт-Петербург
